year,month,day,Site,Latitude,Longitude,Elevation,Precip,tmin,tmean,tmax,tdmean,vpdmin,vpdmax,total_butterfly_count,Unique_butterflies,tmean_previous30,tmax_previous30,tmin_previous30,PrecipSum_previous30,tmean_previous90,tmax_previous90,tmin_previous90,tmean_previous365,tmax_previous365,tmin_previous365,PrecipSum_previous90,PrecipSum_previous365,Previous30_above30,Previous90_above30,Previous365_above30,Previous30_above28,Previous90_above28,Previous365_above28,Wseason_precip,Wseason_tmean,Wseason_tmax,Wseason_tmin,Mseason_tmean,Mseason_tmin,Mseason_tmax,Mseason_precip,recent_precip1,recent_precip2,PartyHours,Total_Parties,Total_Observers,TotalDistanceMi
1983,7,30,AtascosaHighlandsAZ,31.48,-111.16,1353,2.25,20,26.5,32.9,13.2,6.9,36.4,1553,68,25.563333333333333,38.7,15.6,100.6,22.825555555555557,38.7,4.8,16.156986301369862,38.7,-5.2,105.73,669.17,28,65,105,28,70,125,417.51,11.106858678955453,30.7,-5.2,24.654910394265233,13.6,38.7,402.23,417.51,417.51,26,4,NA,NA
1984,8,5,AtascosaHighlandsAZ,31.48,-111.16,1353,8.02,18.3,25.1,31.8,14.4,4.61,31.33,5008,80,24.05666666666667,33.2,16.5,232.78,23.993333333333332,35.7,11.4,16.895616438356164,36.1,-3.6,307.64,859.52,17,65,96,26,81,135,282,12.017566608400868,30.3,-3.6,23.36347670250896,13,34.6,504.06,307.64,282,41,5,NA,NA
1985,8,17,AtascosaHighlandsAZ,31.48,-111.16,1353,0,15.7,24.2,32.6,10.6,3.8,37.93,3931,68,23.726666666666667,34,12.8,120.39,24.24,39.4,8.2,15.984109589041095,39.4,-8.7,197.53,679.61,18,67,85,25,80,130,344.98,10.776048935703312,29.4,-8.7,23.426164874551972,7.9,37.9,299.17,197.53,344.98,22,3,NA,NA
1986,8,30,AtascosaHighlandsAZ,31.48,-111.16,1353,3.32,14.7,21.5,28.3,19.2,0,16.11,4263,69,24.91,37.9,14.7,168.6,24.657777777777778,37.9,12.4,16.81205479452055,37.9,-4.5,327.3,663.14,21,67,88,28,84,128,255.64,12.465500329163923,30,-4.5,23.09688172043011,5.9,37.9,335.14,327.3,255.64,35,5,NA,NA
1987,8,22,AtascosaHighlandsAZ,31.48,-111.16,1353,1.72,16.8,23.1,29.5,14.3,3,26.06,3196,64,23.973333333333333,36,13.1,199.38,23.612222222222226,37,5,15.905205479452055,37,-8.6,232.94,527.82,16,64,76,28,82,118,189.69,11.363879745446566,30.6,-8.6,22.971720430107528,8.8,36,370.85,232.94,189.69,35,4,NA,NA
1988,8,13,AtascosaHighlandsAZ,31.48,-111.16,1353,0,16,23.9,31.8,14.1,0.59,31.3,2782,74,24.12,35.3,15.4,167.75,23.95111111111111,38.9,5.4,16.272328767123287,38.9,-8.8,226.8,623.29,18,67,94,25,78,138,229.41,11.732856083478998,32.6,-8.8,23.411863799283154,8.1,35.3,338.76,226.8,229.41,33.5,4,NA,NA
1989,8,20,AtascosaHighlandsAZ,31.48,-111.16,1353,0,18.2,23.8,29.3,15.9,2.45,23.34,1946,78,24.743333333333332,34.5,16,102.04,25.24222222222222,39.9,9.4,17.305753424657535,39.9,-9.3,145.96,433.64,23,77,126,28,88,164,193.62,12.78411784068466,34.8,-9.3,24.6794623655914,8.9,39.4,159.3,145.96,193.62,56,7,NA,NA
1990,8,18,AtascosaHighlandsAZ,31.48,-111.16,1353,0,14.3,21.6,28.9,13.9,1.42,24.08,8431,93,22.753333333333337,33.1,14.1,111.58,24.04111111111111,41.2,8.7,16.510684931506848,41.2,-8.2,316.5,561.21,13,58,100,20,73,139,224.18,11.821948650427911,32.2,-8.2,22.75043010752688,10,37,410.36,316.5,224.18,50,6,NA,NA
1991,8,10,AtascosaHighlandsAZ,31.48,-111.16,1353,7.62,17.1,23.8,30.5,13.8,2.82,29.23,963,67,24.93,34.4,15.2,44.2,22.787777777777777,36.8,6.7,15.87013698630137,36.8,-9.8,81.4,520.74,28,61,79,29,81,125,293.42,11.399838709677418,29.4,-9.8,23.711075268817204,12.4,36.8,189.67,81.4,293.42,43.5,5,NA,NA
1992,8,16,AtascosaHighlandsAZ,31.48,-111.16,1353,0,18.4,26.5,34.6,12.6,7.26,40.84,4460,98,24.516666666666666,36.6,15.2,95.99,23.465555555555554,38.6,6.6,16.382191780821916,38.6,-4.9,173.64,578.87,19,60,110,28,76,145,308.33,11.755848297049631,32.7,-4.9,23.953584229390682,12.4,38.6,294.53999999999996,173.64,308.33,62,8,NA,NA
1993,8,14,AtascosaHighlandsAZ,31.48,-111.16,1353,19.72,18.6,25.4,32.3,13.5,2.76,36.05,1635,74,25.233333333333334,36.5,14.3,73.37,24.33222222222222,38.8,6.1,16.653424657534245,38.8,-5.4,161.95,750.31,26,67,108,29,81,150,425.95,11.669799210006584,31.4,-5.4,23.689964157706093,8.3,36.5,315.77,161.95,425.95,45,5,NA,NA
1994,8,13,AtascosaHighlandsAZ,31.48,-111.16,1353,4.44,19.7,25.9,32.2,15.4,4.91,32.3,3569,64,26.35333333333333,37.5,16,57.57,25.637777777777774,40.8,7.8,16.903287671232878,40.8,-4.6,87.1,503.65,28,77,113,29,82,134,223.56,11.89130348913759,31.5,-4.6,25.22508960573477,12.8,37.7,209.53,87.1,223.56,28,4,NA,NA
1995,8,20,AtascosaHighlandsAZ,31.48,-111.16,1353,11.04,17.2,23.3,29.3,16.5,0.8,20.36,2569,76,26.833333333333332,40.3,16.2,109.21,24.122222222222224,40.3,6.1,16.41068493150685,40.3,-5,152.26,702.74,24,65,95,27,77,122,423.59,11.706620583717358,30.9,-5,25.171827956989247,11.2,40.3,245.61,152.26,423.59,51,7,NA,NA
1996,8,18,AtascosaHighlandsAZ,31.48,-111.16,1353,3.31,17.9,25.6,33.4,13,4.1,36.67,7958,68,26.013333333333332,36.4,16.6,107.03,25.255555555555556,38.1,7.7,18.076438356164385,38.1,-4.5,196.75,415.4,28,78,142,29,85,175,114.26,13.461917474442505,33.3,-4.5,24.2315770609319,10,36.4,332.31,196.75,114.26,42,7,NA,NA
1997,8,16,AtascosaHighlandsAZ,31.48,-111.16,1353,1.71,16.7,23.4,30.1,13.8,3.93,26.92,5281,81,25.24,36.1,16.2,122.38,24.65888888888889,38.9,10,16.95205479452055,38.9,-7.1,134.34,470.62,25,69,116,27,80,149,185.7,12.05999890278692,33.8,-7.1,25.24304659498208,13.9,38.9,266.39,134.34,185.7,49,6,NA,NA
1998,8,15,AtascosaHighlandsAZ,31.48,-111.16,1353,1.1,17.2,23.5,29.9,15.7,2.48,25.76,4065,86,25.05,36.5,16.6,202.5,23.986666666666668,39,8.2,16.033424657534248,39,-5.1,287.1,777.81,23,63,103,28,76,136,347.54,10.75210555189818,33.1,-5.1,24.888817204301077,11.1,38.6,406.79,287.1,347.54,53.5,6,NA,NA
1999,8,14,AtascosaHighlandsAZ,31.48,-111.16,1353,0.27,15.9,25,34.1,11.7,3.42,39.99,3688,79,23.43,34.1,15.4,147.96,23.635555555555555,38,6.9,16.90082191780822,38,-5.6,219.32,473.18,15,61,106,23,80,148,133.01999999999998,12.383842440201889,33.5,-5.6,23.91956989247312,12.8,38,343.46999999999997,219.32,133.01999999999998,64,7,NA,NA
2000,8,19,AtascosaHighlandsAZ,31.48,-111.16,1353,0,17.3,23.8,30.4,15.5,1.84,27.13,8694,74,26.15,36.6,17,108.37,25.564444444444444,38.4,13,17.971780821917807,38.4,-5.2,206.27,348.35,26,75,131,29,86,179,42.52,13.389447004608297,33.8,-5.2,24.76544802867383,11.6,37.6,217.47,206.27,42.52,65,9,NA,NA
2001,8,18,AtascosaHighlandsAZ,31.48,-111.16,1353,2.91,17.3,24.3,31.3,15.5,2.17,27.87,6059,80,24.35333333333333,34.5,16.6,112.52,24.635555555555555,38.4,10.6,16.332876712328765,38.4,-5.5,221.94,781.12,21,71,123,27,86,157,461.91,10.90229207812157,34.2,-5.5,24.39347670250896,11.7,38.4,249.68,221.94,461.91,56,6,NA,NA
2007,8,11,BoyceThompsonArboretum,33.295,-111.0946,1087,0,22.6,29,35.5,15.2,9.53,42.47,321,31,27.823333333333338,39.6,19.3,97.01000000000002,27.456666666666667,41.4,13.8,18.77068493150685,41.4,-6.8,99.02,322.35,28,82,127,29,85,157,149.43,13.43646697388633,34.4,-6.8,28.312186379928317,13.3,41.4,125.98,99.02,149.43,15,3,NA,NA
2009,9,12,BoyceThompsonArboretum,33.295,-111.0946,1087,0,20.8,27.5,34.2,10.7,10.98,41.85,144,30,27.83,38.5,18.8,21.380000000000017,28.64888888888889,39.9,16.7,19.41068493150685,39.9,-3.7,84.78000000000002,424.14,27,86,143,29,89,173,328.24,14.017287689269256,32.7,-3.7,28.34182795698925,15.7,39.9,88.32000000000001,84.78000000000002,84.78000000000002,9.5,4,NA,NA
2010,9,11,BoyceThompsonArboretum,33.295,-111.0946,1087,0,15.3,22.9,30.4,0,11.02,38.29,1081,55,27.87666666666667,38.2,15.3,30.220000000000013,28.283333333333335,40.1,14.3,18.16931506849315,40.1,-1.7,152.16000000000005,631.85,29,85,131,30,89,151,476.15,12.492510423524248,32.4,-1.7,28.0978853046595,15.3,40.1,215.69,152.16000000000005,152.16000000000005,12,3,NA,NA
2011,9,10,BoyceThompsonArboretum,33.295,-111.0946,1087,10.69,18,24.9,31.7,10.7,5.1,35.78,514,42,29.63,40.1,18,51.98000000000001,29.331111111111113,40.9,17,19.0813698630137,40.9,-9.9,147.01000000000002,394.3200000000001,30,90,138,30,90,157,180.08,13.5153050252359,35.8,-9.9,28.454910394265234,16.6,40.3,187.63,147.01000000000002,147.01000000000002,25,4,NA,NA
2012,9,15,BoyceThompsonArboretum,33.295,-111.0946,1087,0,17.6,22.3,27,5.6,10.39,27.19,408,41,26.386666666666667,35.8,17.1,58.61000000000002,28.328888888888887,40.3,17.1,19.017534246575345,40.3,-3.3,112.56000000000002,341.85,21,79,146,24,83,174,226.24,13.326442608188993,35.1,-3.3,27.525663082437276,14.9,40.3,112.56,112.56000000000002,112.56000000000002,14,3,NA,NA
2013,9,7,BoyceThompsonArboretum,33.295,-111.0946,1087,1.35,21.2,28.4,35.7,11.5,7.53,47.12,343,37,28.466666666666665,38.7,19.6,35.09000000000002,28.53,41.2,19,19.10246575342466,41.2,-7.7,84.23000000000002,332.54,30,87,136,30,89,166,227.93,13.567406188281764,33.8,-7.7,27.260286738351255,11.7,40.6,96.76,84.23000000000002,84.23000000000002,16,3,NA,NA
2014,9,6,BoyceThompsonArboretum,33.295,-111.0946,1087,0.91,19.9,26.1,32.3,14.5,4.57,33.94,634,35,26.78666666666667,36.3,18,127.53000000000002,27.97555555555556,38.3,18,19.17232876712329,38.3,-2.1,289.91,507.44000000000005,27,86,124,28,88,150,203.65,14.132399605003291,30.8,-2.1,27.097347670250898,13.9,38.3,380.82,289.91,289.91,10.5,3,14,4
2015,9,12,BoyceThompsonArboretum,33.295,-111.0946,1087,0,19.2,26.3,33.5,14.1,4.33,37.29,521,40,27.73,40.3,18,50.09000000000001,28.414444444444445,40.3,18,19.244383561643836,40.3,-3.9,126.22,497.50000000000006,27,87,120,27,87,142,288.77,14.396093921439544,31.7,-3.9,27.453655913978498,17.2,40.3,155.01,126.22,126.22,12,3,8,5
2016,9,10,BoyceThompsonArboretum,33.295,-111.0946,1087,0,20.1,26.7,33.3,13,5.18,37.98,1088,36,26.653333333333332,37.3,17.6,21.940000000000012,28.278888888888886,42.8,17.6,18.838082191780824,42.8,-3.7,82.58000000000001,371.05,28,85,133,29,87,147,237.42,13.476963822236346,35.1,-3.7,27.000967741935483,12.1,39.2,102.26,82.58000000000001,82.58000000000001,7,3,12,4
2017,9,9,BoyceThompsonArboretum,33.295,-111.0946,1087,6.07,19.7,26.4,33.2,12.7,3.57,38.7,1199,42,27.996666666666663,36.9,18.7,20.32000000000001,28.55444444444445,42.7,14.7,19.566849315068495,42.7,-2.4,136.04000000000002,486.9500000000001,30,88,140,30,89,181,316.47,14.668572525784509,31.5,-2.4,27.277813620071683,10.9,40.7,136.34,136.04000000000002,136.04000000000002,12,4,12,7
2018,9,8,BoyceThompsonArboretum,33.295,-111.0946,1087,0,20.8,27.5,34.3,11,11.12,41.66,1419,35,27.110000000000003,37.1,18.2,80.27000000000001,28.45111111111111,40.5,16.5,20.224383561643837,40.5,-2.3,152.63000000000002,205.20000000000005,29,86,152,30,89,183,44.739999999999995,15.5222492868115,33.6,-2.3,28.238817204301075,17.7,40.5,140.57,152.63000000000002,152.63000000000002,9,3,11,6
2019,9,7,BoyceThompsonArboretum,33.295,-111.0946,1087,0,24.9,30.7,36.5,13.2,15.41,47.82,177,20,29.67,39.9,19.8,24.15000000000001,29.192222222222224,39.9,17.4,18.421917808219177,39.9,-4.2,54.930000000000014,422.8,30,90,129,30,90,139,347.01,12.593994952819838,32.5,-4.2,28.38336917562724,15.5,39.9,204.43,54.930000000000014,54.930000000000014,10,4,17,9
2020,9,12,BoyceThompsonArboretum,33.295,-111.0946,1087,0,16.8,22.1,27.4,7.7,8.7,26.06,32,15,29.72,40.8,15,17.74000000000001,29.71222222222222,41.7,15,19.207671232876713,41.7,-2.9,20.310000000000016,433.47,27,86,138,28,88,159,304.06,13.19478838921553,35.1,-2.9,29.53003584229391,15,41.7,20.31,20.310000000000016,20.310000000000016,7.5,3,10,6
2021,9,11,BoyceThompsonArboretum,33.295,-111.0946,1087,0,21.7,28.8,36,9.6,9.2,48.13,4932,34,26.823333333333338,37.1,18.5,110.5,28.227777777777774,41.2,18.4,19.45205479452055,41.2,-0.8,237.03000000000003,385.16,23,76,146,28,85,173,147.83,14.1205584814571,35.9,-0.8,27.036451612903225,14.8,38.6,246.56,237.03000000000003,237.03000000000003,7,3,10,6
2017,9,4,Cottonwood,34.738,-112.0353,1071,0,18.9,28,37.2,9.2,8.37,55.01,361,39,26.413333333333338,38.7,12.5,56.31000000000001,27.423333333333332,44.9,7.4,17.416986301369864,44.9,-5.8,172.12,448.91,30,88,141,30,90,176,244.58999999999995,12.049594031160852,31.3,-5.8,25.890716845878135,4.5,43.1,185.7,172.12,172.12,8,2,4,2
2018,8,30,Cottonwood,34.738,-112.0353,1071,0,14,24.6,35.1,7.6,6.29,46.55,104,20,27.046666666666667,41,14,66.80000000000001,27.372222222222224,42.7,12.4,17.93013698630137,42.7,-7.1,172.64,239.58,30,88,154,30,89,182,39.64,12.71971253017336,33.5,-7.1,26.79720430107527,12,42.7,169.24,172.64,39.64,7,1,4,3
2019,8,29,Cottonwood,34.738,-112.0353,1071,3.32,19.3,27.9,36.6,13.5,3.66,46.49,178,36,28.46333333333333,40.9,16.1,27.69000000000001,27.305555555555557,41.5,10.1,16.334246575342465,41.5,-11.7,36.4,304.02,29,89,134,30,90,140,240.25,10.33123107307439,33.6,-11.7,27.025698924731184,8.9,41.5,102.37,36.4,240.25,11,2,4,6
2020,8,26,Cottonwood,34.738,-112.0353,1071,0.01,20.2,30.1,40.1,12.5,8.74,61.34,166,26,30.05,44.5,15.6,7.110000000000011,28.020000000000003,44.5,6.8,17.08876712328767,44.5,-6.5,22.24,365.93,30,87,143,30,89,158,273.15999999999997,10.770413687165634,36,-6.5,27.803727598566308,8.6,44.5,29.39,22.24,273.15999999999997,20,5,7,5
2021,8,26,Cottonwood,34.738,-112.0353,1071,0,17.8,28.4,38.9,10.7,7.32,58.49,616,34,26.59,40.5,15.2,41.22000000000001,27.27444444444444,45.1,11.5,17.26931506849315,45.1,-6.4,187.36,270.86,29,86,165,29,87,187,75.66999999999999,11.285142637700242,36.8,-6.4,26.52670250896057,11.6,42.7,216.68,187.36,75.66999999999999,25,4,8,3
2019,7,25,GrandCanyonNorthRim,36.1954,-112.0374,2112,0,13.2,21.3,29.5,10.4,3.6,29.8,93,21,21.76,33.9,9.9,3.259999999999997,15.826666666666668,33.9,-0.5,9.772876712328769,33.9,-16.7,98.85,669.6400000000001,14,15,34,26,30,61,470.42,3.7358283958744782,24,-16.7,20.83792114695341,3.7,34,38.64,470.42,470.42,6,1,9,1
2021,7,31,GrandCanyonNorthRim,36.1954,-112.0374,2112,3.19,13,18.9,24.9,12.6,1.11,18.05,292,26,23.146666666666665,37,13,77.92999999999999,20.087777777777777,37,0.2,11.87808219178082,37,-11.2,85.6,293.0900000000001,13,27,58,20,39,81,198.25,5.49573732718894,28.4,-11.2,21.17555555555556,4.1,37,125.13,198.25,198.25,126,4,20,6
2014,9,6,GrandCanyonSouthRim,35.989,-112.1221,2061,1.42,9.1,17.6,26.1,9.8,0.72,21.77,141,18,17.75,31.5,6.6,67.74000000000001,19.04888888888889,33.9,4.2,9.487397260273973,33.9,-22.6,132.48,275.11,2,21,22,14,57,67,88.16999999999999,4.089553434276937,23.4,-22.6,18.483405017921147,1.8,33.9,192.11,132.48,132.48,26.5,7,NA,NA
2015,8,16,GrandCanyonSouthRim,35.989,-112.1221,2061,0,13,21.8,30.7,10.3,1.97,33.43,228,22,19.033333333333335,32.3,8.6,90.41,17.93777777777778,34.2,-0.7,9.849315068493151,34.2,-16.6,163.27999999999997,477.51,6,23,24,14,39,49,176.19,5.044956111476849,24.1,-16.6,18.521290322580644,4.4,33.4,162.55,163.27999999999997,176.19,6,4,NA,NA
2014,9,20,McDowellSonoranPreserve,33.7041,-111.7791,755,0,24.5,28.6,32.8,16.8,8.26,32.81,247,32,28.63,37.6,18,79.79,30.12555555555555,40.9,18,21.595342465753426,40.9,-0.4,194.34999999999997,343.08,26,85,143,29,89,170,148.73000000000002,16.543494623655914,32.4,-0.4,29.72301075268817,15.9,40.9,227.12,194.34999999999997,194.34999999999997,8,4,28,6
2015,10,3,McDowellSonoranPreserve,33.7041,-111.7791,755,0,19.6,26.1,32.7,3.1,15.22,42.27,51,21,29.09,38.2,19.6,9.650000000000016,30.77111111111111,42.6,19.6,22.249589041095888,42.6,-0.7,41.93999999999997,258.8,28,88,150,30,90,176,141.47,17.256081852095676,33.8,-0.7,30.86476702508961,20.6,42.6,44.36,44.36,44.36,14.5,5,45,9
2016,9,17,McDowellSonoranPreserve,33.7041,-111.7791,755,0,20,26.5,33,-2.9,18.22,45.87,157,20,28.98,37.4,19,12.940000000000014,31.30333333333333,44.8,19,21.80219178082191,44.8,-0.1,78.839999999999975,219.94,29,89,150,30,90,171,136.46,16.45915037872769,37.3,-0.1,30.17802867383513,15.6,41.3,78.96000000000001,78.839999999999975,78.839999999999975,12.5,4,27,6
2017,9,23,McDowellSonoranPreserve,33.7041,-111.7791,755,0,16.6,22.3,27.9,3,10.4,28.81,65,13,30.603333333333335,40.1,16.6,1.9100000000000128,31.218888888888888,43.1,16.6,22.34164383561644,44.5,2,58.18999999999997,301.65999999999997,29,88,168,29,89,201,238.72000000000003,17.17917160412552,33.8,2,30.451039426523295,14.5,43.1,58.19,58.18999999999997,58.18999999999997,13.5,5,24,13
2018,9,29,McDowellSonoranPreserve,33.7041,-111.7791,755,0,23.5,29.7,36,4.4,20.89,51.95,1568,26,30.586666666666662,39.5,21.2,3.820000000000012,31.36333333333333,42.8,21.2,23.049589041095892,42.8,1.1,124.13999999999996,178.05999999999997,29,89,181,30,90,201,43.4,18.109914417379855,34.4,1.1,31.316594982078858,21.2,42.8,124.14,124.13999999999996,124.13999999999996,14,5,27,14
2018,9,29,McDowellSonoranPreserve,33.7041,-111.7791,755,0,23.5,29.7,36,4.4,20.89,51.95,1568,26,30.586666666666662,39.5,21.2,3.820000000000012,31.36333333333333,42.8,21.2,23.049589041095892,42.8,1.1,124.13999999999996,178.05999999999997,29,89,181,30,90,201,43.4,18.109914417379855,34.4,1.1,31.316594982078858,21.2,42.8,124.14,124.13999999999996,124.13999999999996,13.5,5,NA,NA
2019,9,28,McDowellSonoranPreserve,33.7041,-111.7791,755,0,19,23.1,27.3,14.9,4.15,20.43,47,18,29.403333333333332,40.6,18.3,66.00000000000001,31.64111111111111,42.3,18.3,20.96849315068493,42.3,-1.5,98.51999999999995,480.54,25,85,134,26,86,144,368.46,15.17866030283081,34.2,-1.5,31.44641577060932,18.3,42.3,98.52,98.51999999999995,98.51999999999995,14.5,6,34,12
2020,9,26,McDowellSonoranPreserve,33.7041,-111.7791,755,0,23.6,30.4,37.3,4.9,18.77,55.03,6,4,30.986666666666668,42.6,18,6.960000000000016,32.73,44.2,18,21.983835616438355,44.2,0.3,21.969999999999963,311.74,28,88,157,30,90,180,288.94000000000005,15.733246994014513,36.5,0.3,32.66172043010753,18,44.2,21.97,21.969999999999963,21.969999999999963,10,6,15,16
2021,9,25,McDowellSonoranPreserve,33.7041,-111.7791,755,0,22.7,26.5,30.3,11.4,8.83,30.65,9607,40,30.69,40.6,21.2,18.990000000000016,30.607777777777777,41.8,20.3,22.48821917808219,43.3,1.4,263.01,336.71,30,87,182,30,87,199,69.25999999999999,17.375627605881064,37.9,1.4,30.09559139784946,18.7,41.8,283.24,263.01,263.01,28.5,6,28,20
1986,8,23,PatagoniaAZ,31.5073,-110.7331,1434,2.7,17.9,26.4,35,14.3,2.37,39.59,4447,77,25.08,37.6,14.1,117.19,23.915555555555557,37.6,10.2,16.135890410958904,37.9,-4.9,254.79,591.13,26,68,90,29,83,128,235.59,11.69582620144832,30,-4.9,22.45100358422939,4.3,37.6,273.17,254.79,235.59,54,6,NA,NA
1987,8,15,PatagoniaAZ,31.5073,-110.7331,1434,0,15.8,22.6,29.5,10.6,5.42,29.64,1430,71,23.853333333333335,36.3,14.4,169.25,22.691111111111113,36.4,4.6,15.115616438356165,36.4,-10.1,190.6,537.61,15,57,77,25,72,109,236.83999999999995,10.320243581303489,30.5,-10.1,22.424874551971325,7.8,36.3,267.52,190.6,236.83999999999995,54,5,NA,NA
1988,8,6,PatagoniaAZ,31.5073,-110.7331,1434,0.22,17.1,21.6,26.1,17.7,0.09,13.3,1836,75,23.99,35.3,15.2,171.11,23.057777777777776,38.1,2.9,15.413698630136986,38.1,-10.1,194.18,540.28,20,68,89,25,78,127,193.07,10.767074527252502,32.2,-10.1,22.822258064516127,7.4,35.3,346.59000000000003,194.18,193.07,52,6,NA,NA
1989,8,13,PatagoniaAZ,31.5073,-110.7331,1434,0,19.1,25,31,16.4,3.28,27.69,1728,88,24.896666666666665,36.5,14.8,91.88,24.137777777777774,39.5,6.7,16.51753424657534,39.5,-10.3,108.65000000000002,434.39,23,73,115,28,85,160,166.38,11.884528198376124,34.2,-10.3,24.06193548387097,8.5,39.1,138.99,108.65000000000002,166.38,65,8,NA,NA
1990,8,11,PatagoniaAZ,31.5073,-110.7331,1434,12.91,15.9,23.3,30.7,11.6,3.64,34.31,3066,80,22.793333333333333,32.5,14.8,198.6,23.486666666666668,40.3,7.9,16.006027397260272,40.3,-8.5,304.54,531.6,12,50,92,22,71,134,183.01,11.147791310072416,31.9,-8.5,22.195089605734765,9.6,37.9,389.93,304.54,183.01,37,6,NA,NA
1991,8,6,PatagoniaAZ,31.5073,-110.7331,1434,0,17.1,23.7,30.2,10.7,6.22,29.62,3358,92,24.19333333333333,33.7,15.2,36.849999999999994,22.014444444444443,36.6,5.6,15.311506849315068,36.6,-8.9,60.11000000000001,481.43,25,52,66,29,70,106,280.18,10.876427474215491,28.5,-8.9,23.134946236559134,11.9,36.6,176.3,60.11000000000001,280.18,61,7,NA,NA
1992,8,9,PatagoniaAZ,31.5073,-110.7331,1434,0,17.1,22.8,28.5,14.4,3.93,23.22,4222,101,23.49,35.7,13.5,102.53,22.614444444444445,38.2,6.8,15.837808219178084,38.2,-4.6,214.44,667.92,14,48,87,22,68,131,337.79999999999995,11.283283012871443,31.7,-4.6,23.464659498207887,12.1,38.2,329.12,214.44,337.79999999999995,56.5,7,NA,NA
1993,8,7,PatagoniaAZ,31.5073,-110.7331,1434,3.3,17.4,24,30.6,16.7,0.57,26,3209,97,24.106666666666666,36.1,13.1,88.17999999999999,23.36,37.9,6.3,16.117260273972605,37.9,-6.4,125.07,669.14,21,58,94,24,74,139,407.57,11.16213078779899,30.5,-6.4,23.020967741935483,7.7,36.1,285.25,125.07,407.57,55,6,NA,NA
1994,8,6,PatagoniaAZ,31.5073,-110.7331,1434,0,19.1,26.9,34.6,10.7,10.61,44.29,2636,87,26.19333333333333,37.6,15,37.71999999999999,24.32,40.2,6.3,16.344383561643834,40.2,-5.9,66.11000000000001,430.78,27,69,101,29,76,128,172.15,11.355894228659206,31.7,-5.9,24.660931899641575,12.3,37.6,200.41,66.11000000000001,172.15,75,7,NA,NA
1995,8,13,PatagoniaAZ,31.5073,-110.7331,1434,7.97,18.1,25.3,32.5,14.7,2.7,32.29,5463,90,26.626666666666665,40.3,16.1,65.69,23.314444444444447,40.3,5.8,15.987397260273973,40.3,-5.4,69.10000000000001,531.61,27,63,88,28,73,118,305.96,11.201947553214834,29.8,-5.4,24.77304659498208,10.1,40.3,184.61,69.10000000000001,305.96,60,1,NA,NA
1996,8,11,PatagoniaAZ,31.5073,-110.7331,1434,0.83,17.7,23.8,29.9,14.6,3.71,26.13,1753,76,25.29,36.4,16.5,68.72,24.581111111111113,37.8,7.4,17.51150684931507,37.8,-5.7,145.75,357.43,23,72,128,28,83,167,88.19999999999999,12.921654218973462,32.7,-5.7,23.678387096774195,9.8,36.4,205.03,145.75,88.19999999999999,40,5,NA,NA
1997,8,9,PatagoniaAZ,31.5073,-110.7331,1434,0,17.9,24.4,30.9,14.7,3.47,26.98,4994,82,25.19333333333333,38,14.3,76.99,24.183333333333337,38.9,10.5,16.436438356164384,38.9,-8,93.72,319,26,66,107,28,77,139,134.5,11.437905420232608,33.6,-8,25.08405017921147,13.7,38.9,260.8,93.72,134.5,51,5,NA,NA
1998,8,8,PatagoniaAZ,31.5073,-110.7331,1434,0,17.1,24.4,31.6,14.8,4.47,32.17,5789,97,25.706666666666663,38.5,16.6,67.21,23.18777777777778,39.1,4.7,15.834246575342464,39.1,-4.5,153.57000000000002,629.51,24,57,103,27,69,137,293.74,10.476786262892254,33.1,-4.5,24.614372759856632,11,38.5,291.40999999999997,153.57000000000002,293.74,66.5,6,NA,NA
1999,8,9,PatagoniaAZ,31.5073,-110.7331,1434,19.21,14.9,23.4,32,14.7,0.53,32.18,2573,87,22.813333333333333,32.9,14.5,120.6,22.994444444444444,37.3,7.3,16.476438356164383,37.3,-5.4,228,456.54,11,52,94,18,73,142,93.11,11.90283300416941,33.2,-5.4,23.210752688172043,11.9,37.3,308.66,228,93.11,72.5,9,NA,NA
2000,8,12,PatagoniaAZ,31.5073,-110.7331,1434,25.02,16.7,21,25.4,17.2,0.58,13.97,11315,85,25.453333333333333,36.9,15.6,75.41,24.23777777777778,37.9,6.9,17.10931506849315,37.9,-5.8,192.8,333.15000000000003,25,66,117,28,79,164,51.95,12.557224958949098,33.3,-5.8,23.84853046594982,10.5,36.9,210.86,192.8,51.95,64,8,NA,NA
2001,8,11,PatagoniaAZ,31.5073,-110.7331,1434,1.65,17.2,23,28.8,17.7,0.49,19.83,6139,99,23.646666666666665,33.7,15.5,123.98,23.627777777777776,37.5,9.7,15.645753424657531,37.5,-6.6,188.07,729.09,16,59,108,23,78,141,407.77,10.26453258722844,33.8,-6.6,23.53996415770609,10.8,37.5,252.15,188.07,407.77,75,7,NA,NA
2002,8,10,PatagoniaAZ,31.5073,-110.7331,1434,0,18.1,25.1,32,15.5,3.02,31.63,736,54,23.973333333333333,35.9,15.6,134.27,24.34777777777778,38.9,6,16.745753424657533,38.9,-9.1,139.8,327.14,16,65,110,24,81,165,94.99,11.874151854290105,30.6,-9.1,24.206774193548387,10.7,37.2,209.78,139.8,94.99,47.5,6,NA,NA
2003,8,9,PatagoniaAZ,31.5073,-110.7331,1434,0.09,19,26.6,34.1,14.1,4,38.11,3283,79,25.633333333333333,37.8,16,152.54,24.87666666666667,38.5,5.6,16.64246575342466,38.5,-5.4,156.95000000000002,350.72,22,76,114,27,87,142,123.79,11.41936251920123,30.1,-5.4,24.65964157706093,12.1,38.5,267.34999999999997,156.95000000000002,123.79,43.5,6,NA,NA
2004,8,7,PatagoniaAZ,31.5073,-110.7331,1434,2.05,16.4,23.1,29.8,14.7,1.47,25.22,3331,91,24.606666666666666,35.4,14.9,159.72,23.18555555555556,37.1,7.8,16.651232876712328,37.1,-9.4,170.03,474.68,20,63,112,29,81,151,190.52,12.025001853911752,34.5,-9.4,23.138494623655912,5.6,35.7,255.41,170.03,190.52,38,5,NA,NA
2005,8,6,PatagoniaAZ,31.5073,-110.7331,1434,0.04,18,23.5,29,14.6,2.79,25.4,2850,77,25.423333333333332,38.5,15.7,138.16,24.174444444444443,39.1,5.6,16.064109589041095,39.1,-6,154.12,412.47,21,58,90,27,77,133,160.61,10.984373491332017,31.3,-6,23.977706093189965,8.4,38.5,220.69,154.12,160.61,61.5,10,NA,NA
2006,8,5,PatagoniaAZ,31.5073,-110.7331,1434,0.73,16.7,20.8,24.9,17,0.61,12.57,2174,70,25.36,37,15.2,138.55,24.61777777777778,37.9,9.1,17.09205479452055,37.9,-6,202.63,330.02,20,71,102,22,79,140,46.379999999999995,12.342417160412552,32,-6,22.998602150537636,9.8,37,358.65,202.63,46.379999999999995,35,6,NA,NA
2007,8,18,PatagoniaAZ,31.5073,-110.7331,1434,0,18.2,25.6,33,13.8,5.06,36.81,2423,86,22.983333333333334,33.8,15.5,255.16,24.261111111111113,38.7,10.6,16.267945205479453,38.7,-9.5,297.8,511.54,8,59,81,15,70,115,81.62,11.510183234584156,31.6,-9.5,23.93641577060932,11.4,38.7,385.02,297.8,81.62,58,7,NA,NA
2008,8,9,PatagoniaAZ,31.5073,-110.7331,1434,0.53,16.4,22.8,29.2,15.7,0.42,23.73,3040,88,23.55,34.4,16.4,158.61,23.15111111111111,38.1,5.8,16.487945205479452,38.1,-7.4,296.5,540.22,14,58,92,20,67,129,121.26,11.964361459823085,31.1,-7.4,22.952867383512544,11.5,34.9,350.19,296.5,121.26,56,7,NA,NA
2009,8,8,PatagoniaAZ,31.5073,-110.7331,1434,0,17,25.4,33.7,3.1,10.63,45.29,4653,89,26.78666666666667,36.4,17,47.19,24.15222222222222,36.4,11.2,17.06,36.4,-6.5,134.93,327.06,30,71,99,30,85,152,85.86,12.539707044107963,31.7,-6.5,24.800609318996415,12.3,36.4,150.56,134.93,85.86,71,9,NA,NA
2010,8,7,PatagoniaAZ,31.5073,-110.7331,1434,2.64,17.9,25.1,32.3,14.7,2.14,32.59,5445,91,25.19,36.2,16.4,196.42,23.531111111111112,38.3,4.5,16.243835616438357,38.3,-4.6,198.5,490.36,19,59,99,27,75,141,234.98,11.260048277375466,32.2,-4.6,24.48258064516129,11.8,36.2,309.84000000000003,198.5,234.98,82,9,NA,NA
2011,8,6,PatagoniaAZ,31.5073,-110.7331,1434,6.31,19.3,26.5,33.6,14.8,3.95,38.09,1715,71,25.34333333333333,37.3,12.8,75.14,23.75222222222222,40.7,4.9,16.89232876712329,40.7,-12.5,91.81,271.54,26,68,114,28,76,144,64.68,12.10159205617731,33.7,-12.5,24.79125448028674,12.1,38.1,196.18,91.81,64.68,79,9,NA,NA
2012,8,11,PatagoniaAZ,31.5073,-110.7331,1434,0.57,19.2,26.5,33.9,11,8.15,42.22,4226,97,24.376666666666665,35,16.4,116.71,24.596666666666664,38.2,7.3,16.90876712328767,38.2,-6.6,190.8,408.99,17,71,119,27,83,161,132.07999999999998,11.861583240637746,34.2,-6.6,23.747634408602153,10.7,36.3,281.92,190.8,132.07999999999998,62,8,NA,NA
2013,8,10,PatagoniaAZ,31.5073,-110.7331,1434,0,14.4,23.2,32,5.9,6.59,38.14,2653,80,23.85666666666667,33,14.4,80.91,24.482222222222223,38.6,10.1,16.765205479452057,38.6,-11.6,146.33,351.03000000000003,17,69,100,24,81,138,96.17,11.846327627825325,32.3,-11.6,23.84594982078853,8.8,36.7,238.12,146.33,96.17,73,11,NA,NA
2014,8,9,PatagoniaAZ,31.5073,-110.7331,1434,6.1,17.1,23.8,30.4,13.6,3.12,30.88,3141,75,24.726666666666667,35.6,15.5,92.96,24.435555555555553,37.5,5.4,17.235342465753423,37.5,-3.8,163.18,343.86,24,73,109,28,79,139,83.43,12.647215273206056,30.1,-3.8,23.401039426523297,10.2,36.1,362.06,163.18,83.43,80,10,18,44
2015,8,11,PatagoniaAZ,31.5073,-110.7331,1434,1.47,18.5,24.5,30.6,15.8,2.45,27.54,10072,97,24.353333333333335,35.5,16.6,119.03,23.456666666666667,38.2,5.6,16.837808219178083,38.2,-6.9,199.29,550.24,24,64,81,27,73,115,154.4,12.76900263331139,30.2,-6.9,23.931182795698923,13.3,36.7,327.15999999999997,199.29,154.4,81,10,25,43
2016,8,8,PatagoniaAZ,31.5073,-110.7331,1434,0.14,18.2,25.8,33.4,15,3.12,35.98,2911,88,25.793333333333333,35.8,17.1,126.62,24.142222222222223,40.9,7,16.835890410958903,40.9,-7.2,184.61,508.56,25,64,102,26,75,133,137.69,12.12845595635362,33.5,-7.2,23.472186379928317,9.4,35.8,321.49,184.61,137.69,45.5,6,17,21
2017,8,7,PatagoniaAZ,31.5073,-110.7331,1434,0,15.7,23,30.2,12.4,2.25,29.75,1930,75,23.84333333333333,34.8,15.7,178.68,23.844444444444445,41,4.3,17.33205479452055,41,-5.9,202.88,492.56,14,63,99,23,74,170,107.51,13.282771560236998,32,-5.9,23.588387096774195,7,37.9,239.02,202.88,107.51,54,6,NA,NA
2018,8,12,PatagoniaAZ,31.5073,-110.7331,1434,0.75,15.8,22.2,28.5,14.4,1.3,23.85,3719,88,25.626666666666665,37.9,15.8,119.95,24.60222222222222,37.9,8.4,17.957534246575342,37.9,-6,165.70000000000002,320.41,24,73,130,26,82,173,127.34,13.889263770024138,33,-6,24.45146953405018,14.1,37.9,238.6,165.70000000000002,127.34,62.5,8,16,26
2019,8,6,PatagoniaAZ,31.5073,-110.7331,1434,4.17,18.5,27.1,35.8,15.1,2.12,44.6,2905,92,26.11,37.2,14,79.24,22.57777777777778,37.5,1.4,15.786575342465754,37.5,-8.7,109.05,546.8,28,64,98,30,70,129,293.7,10.824215492648673,31.9,-8.7,24.08888888888889,9.9,37.2,244.05,109.05,293.7,71,9,25,40
2021,8,9,PatagoniaAZ,31.5073,-110.7331,1434,12.47,17.1,24.2,31.3,16.3,1.37,26.24,2654,54,24.096666666666668,36.4,15.1,184.22,24.034444444444443,40.8,6.6,16.797534246575342,40.8,-7.1,254.80000000000004,385.94,20,70,134,26,80,173,75.47,11.67924402018872,33.5,-7.1,23.255913978494625,9.5,36.4,408.68,254.80000000000004,75.47,63.5,8,15,24
1999,8,28,PortalAZ,31.85,-109.1667,2000,7.31,13.4,20.3,27.1,12.8,0.86,21.64,5833,82,20.123333333333335,30.6,11,121.89,19.686666666666667,33.1,3.2,12.897534246575344,33.1,-9.7,322.45,565.4699999999999,1,10,11,8,24,42,176.6,8.498692122010095,29.2,-9.7,19.48172043010753,8.6,33.1,360.65,322.45,176.6,62,8,NA,NA
2000,7,29,PortalAZ,31.85,-109.1667,2000,4.8,17.7,24.7,31.6,8.4,6.96,36.14,2087,76,21.833333333333332,32.4,11.3,79.55999999999999,20.29222222222222,34.1,3.4,13.622465753424658,34.1,-9.3,166.04,372.85,10,29,32,18,47,63,29.049999999999997,9.154173949891414,30.6,-9.3,21.004229390681004,7.8,32.9,145.05,29.049999999999997,29.049999999999997,45,5,NA,NA
2001,7,28,PortalAZ,31.85,-109.1667,2000,1,13.9,20.9,27.9,11.6,2.14,24.57,2025,86,20.92,32.6,11.3,84.16999999999999,19.726666666666667,32.7,0.2,12.4813698630137,32.9,-12.1,113.00999999999998,617.29,7,26,38,13,44,79,409.79,6.949482115426816,30.1,-12.1,20.43,9,32.9,280.55,409.79,409.79,28.5,5,NA,NA
2002,7,27,PortalAZ,31.85,-109.1667,2000,3.22,14.7,20.9,27.1,12.4,2.09,21.01,138,31,22.46,33.7,12.9,42.529999999999994,20.324444444444445,34.4,2.2,13.451232876712329,34.4,-12.5,42.52999999999998,362.15,15,36,42,21,49,69,122.24,8.45770682466535,26.5,-12.5,20.783870967741937,8.1,33.7,242.84,122.24,122.24,25,3,NA,NA
2003,7,26,PortalAZ,31.85,-109.1667,2000,5.9,15.3,22.9,30.6,10.7,3.78,32.53,1006,56,24.22,36.2,13.1,57.80999999999999,20.264444444444443,36.2,2,13.0213698630137,36.2,-9.2,65.68999999999998,435.67,26,37,50,28,61,89,164.17000000000002,7.71536866359447,26,-9.2,21.674336917562723,8.5,36.2,155.47,164.17000000000002,164.17000000000002,16,2,NA,NA
2004,8,14,PortalAZ,31.85,-109.1667,2000,14.91,12.8,19.5,26.1,10.5,0.8,21.76,679,61,21.12666666666667,31.5,11.3,125.16,20.224444444444444,33.2,5.3,12.97917808219178,33.2,-13.5,175.7,515.24,4,19,24,15,51,78,280.12,8.15374755018804,30.6,-13.5,19.615448028673836,5.7,31.7,249.63,175.7,280.12,33.5,4,NA,NA
2005,8,13,PortalAZ,31.85,-109.1667,2000,13.39,12.7,18.5,24.3,12.9,0.27,14.92,566,56,21.393333333333334,33.3,12.6,209.18,21.372222222222224,34.7,7.5,12.431232876712327,34.7,-11.5,231.01,716.18,8,41,43,12,51,62,357.91999999999996,7.26851547070441,26.3,-11.5,21.26813620071685,8.9,34.7,401.58,231.01,357.91999999999996,32,4,NA,NA
2009,7,25,PortalAZ,31.85,-109.1667,2000,9.29,14.5,21,27.5,12.7,1.66,21.37,862,61,22.096666666666668,32.2,11.9,102.46,19.175555555555555,32.2,1.1,12.92027397260274,32.2,-11,157.53,538.9,11,18,19,19,35,43,117.49,8.4333091946456,26.4,-11,20.746881720430107,4.8,32.4,169.1,117.49,117.49,20,3,NA,NA
2012,7,28,PortalAZ,31.85,-109.1667,2000,0.83,18,23.7,29.4,11.7,3.84,30.15,1033,52,21.623333333333335,33.9,13.2,54.14999999999999,20.405555555555555,33.9,2.9,13.0986301369863,33.9,-11.4,62.01999999999999,435.46,6,31,39,15,53,78,217.17,7.883855606758832,29.4,-11.4,20.42430107526882,5.5,33.9,255.49,217.17,217.17,18,4,NA,NA
2013,7,27,PortalAZ,31.85,-109.1667,2000,1.96,14.8,20.9,26.9,14.3,0.8,19.71,445,45,21.5,34.6,11.4,170.66,19.77,34.6,2.7,12.985479452054792,34.6,-15.3,180.32,523.88,8,33,44,16,46,68,141.36,7.936427474215493,27.2,-15.3,19.782652329749105,5.6,32.5,395.17,141.36,141.36,22.5,3,NA,NA
2014,7,26,PortalAZ,31.85,-109.1667,2000,0,14.6,22.7,30.9,10.2,3.54,34.12,1193,56,21.913333333333338,32.4,12.5,117.57999999999998,19.46222222222222,34,-1.1,13.15808219178082,34,-7.5,127.06,460.97,9,30,33,15,44,54,107.44,8.524849681808208,25.7,-7.5,19.42311827956989,8.5,32.2,664.51,107.44,107.44,17,3,12,5
2015,8,2,PortalAZ,31.85,-109.1667,2000,2.62,14.2,20.6,26.9,13.1,1.67,19.59,484,43,20.74,28.9,13,165.26999999999998,19.13222222222222,33.9,2.2,12.848767123287672,33.9,-10.6,208.18999999999997,915.48,0,14,14,4,32,37,257.36,8.618018433179724,26.4,-10.6,20.428064516129034,9,32.2,395.09,208.18999999999997,257.36,15.5,2,7,5
2016,7,23,PortalAZ,31.85,-109.1667,2000,0,16.6,23.9,31.1,9.5,5.68,34.17,689,56,22.663333333333338,33.4,12,67.33999999999999,19.096666666666668,35.2,-0.5,13.163835616438355,35.2,-12,86.16999999999999,501.1,11,24,31,24,44,66,161.5,8.323712590709254,29.9,-12,20.086487455197133,6.3,33.4,466.59,161.5,161.5,20,3,9,6
2017,7,23,PortalAZ,31.85,-109.1667,2000,7.45,14.4,18.6,22.8,14.8,0.33,9.99,515,60,22.46333333333333,35.5,13.3,106.79999999999998,19.565555555555555,35.9,-0.6,13.712054794520547,35.9,-9.2,113.07,702.09,16,31,35,21,44,59,183.94,9.44418257625631,27,-9.2,20.08448028673835,5,33.5,295.53000000000003,183.94,183.94,20,3,10,4
2018,7,27,PortalAZ,31.85,-109.1667,2000,7.87,17,24.6,32.2,10.9,4.02,36.86,1007,64,22.256666666666668,34.1,10.6,64.64999999999999,20.526666666666664,34.1,1.2,14.40931506849315,34.1,-9,90.02,359.45,13,38,38,19,57,69,106.2,10.281883914856266,28.3,-9,20.781541218637994,8.5,34.1,297.72,106.2,106.2,26.5,4,13,8
2019,7,25,PortalAZ,31.85,-109.1667,2000,0,13.9,21.5,29,12.1,2.32,27.04,1006,63,23.136666666666667,33.1,11.4,41.74999999999999,18.69333333333333,33.1,-0.9,12.46821917808219,33.5,-11.8,75.6,736.77,23,28,35,28,47,74,414.03,7.388105113012947,27.4,-11.8,21.364301075268816,7.8,33.1,255.55,414.03,414.03,4,2,8,5
2020,8,2,PortalAZ,31.85,-109.1667,2000,5.37,16.8,23.8,30.8,9.5,5.94,31.97,1259,50,23.52,35.8,12.9,72.62999999999998,21.308888888888887,35.8,4.6,13.385479452054794,35.8,-11.5,79.60999999999999,602.76,22,47,59,24,61,96,361.03,7.968839451242121,29.1,-11.5,22.147240143369174,7.5,35.8,131.73000000000002,79.60999999999999,361.03,21,3,10,4
2021,8,6,PortalAZ,31.85,-109.1667,2000,0,16.6,22.6,28.7,11.8,4.17,25.66,431,43,21.076666666666668,34.2,10.5,194.30999999999997,20.54111111111111,36.2,4.5,13.406301369863014,36.2,-14.8,254.96999999999997,428.44999999999993,3,21,44,15,44,86,116.72,8.24967632214176,29.1,-14.8,20.100394265232975,8.5,34.2,453.86,254.96999999999997,116.72,7,2,11,5
1981,7,19,RamseyCanyonAZ,31.424,-110.2238,1460,1.02,18.3,24.8,31.2,14.2,3.62,31.09,1689,64,25.83,37.5,16.9,93.42,22.633333333333333,37.5,8.2,NA,NA,NA,99.36,NA,23,41,NA,30,60,NA,113.97,11.934157066052228,28.8,-3,24.127777777777776,12.6,35.9,217.13,113.97,113.97,27,4,NA,NA
1983,8,6,RamseyCanyonAZ,31.424,-110.2238,1460,0,18.4,25.5,32.6,13.6,5.89,34.78,5857,95,25.656666666666663,36.6,15.6,113.42,23.517777777777777,38.8,7.5,15.915890410958903,38.8,-9.8,116.83,706.32,29,70,111,30,79,139,402.99,10.604743252139563,31.6,-9.8,24.562974910394267,12.9,38.8,339.23,116.83,402.99,56,9,NA,NA
1984,8,11,RamseyCanyonAZ,31.424,-110.2238,1460,13.6,16.9,21.5,26.2,18,0.05,13.46,2966,74,23.376666666666665,33.9,15.1,139.44,23.885555555555555,36.8,12.3,16.50191780821918,36.8,-5,209.74,639.41,21,72,111,24,80,135,240.52,11.46395624768261,30.1,-5,23.01817204301075,11.1,35,309.78999999999996,209.74,240.52,58.5,8,NA,NA
1985,8,10,RamseyCanyonAZ,31.424,-110.2238,1460,1.38,17.9,24.4,30.9,15.4,2.23,28.19,2019,80,24.446666666666665,36.7,15.3,108.86,24.07,39,7.4,16.004109589041096,39,-11,124.76,642.57,22,63,81,26,78,131,378.52,10.877431424182577,29.8,-11,23.73168458781362,7.3,38.3,242.2,124.76,378.52,52,6,NA,NA
1986,8,16,RamseyCanyonAZ,31.424,-110.2238,1460,1.59,17.9,25.6,33.4,16.8,1.15,30.68,4394,81,25.056666666666665,38,14,86.5,24.62555555555555,38,11.7,17.003287671232876,38,-6.4,196.22,594.94,21,71,103,27,83,133,294.84000000000003,12.46717467632214,30.8,-6.4,23.36673835125448,7.8,38,271.21999999999997,196.22,294.84000000000003,52,7,NA,NA
1987,8,9,RamseyCanyonAZ,31.424,-110.2238,1460,2.63,19.5,26,32.4,16,3.34,31.71,10472,69,25.26,37.3,15.3,150.65,23.81222222222222,37.3,7.8,16.133972602739725,37.3,-10.5,194.09,606.41,22,59,86,27,73,116,268.98,11.23186965108624,31.3,-10.5,23.551397849462365,11.5,37.3,308.65,194.09,268.98,69,8,NA,NA
1988,7,30,RamseyCanyonAZ,31.424,-110.2238,1460,2.77,16.9,23.5,30.2,15.9,0.34,24.72,3506,61,25.88,36.5,15.8,148.91,23.703333333333333,37.8,2.7,16.74164383561644,37.8,-8.8,157.68,619.01,29,72,107,30,78,144,210.59,12.12876582446104,32.3,-8.8,23.820286738351253,9.5,36.5,325.08,210.59,210.59,28,3,NA,NA
1989,8,6,RamseyCanyonAZ,31.424,-110.2238,1460,0,17.4,23.9,30.4,18,0.17,23.24,1148,79,25.226666666666667,37.9,14.9,92.72,24.12444444444445,41.4,4.8,17.464383561643835,41.4,-7.3,99.33,386.67,28,77,134,30,83,171,142.76,13.044668641650208,35.5,-7.3,24.36229390681003,9.6,41.4,160.33,99.33,142.76,61,6,NA,NA
1990,8,4,RamseyCanyonAZ,31.424,-110.2238,1460,5.78,16.2,23,29.9,15.8,1.17,24.53,3090,89,23.716666666666665,33.9,15.3,155.01,24.12444444444445,41.3,7.1,16.574794520547947,41.3,-9.1,182.02,379.69,16,54,114,22,73,145,119.35,11.57239192451174,32.5,-9.1,23.05394265232975,11.8,37.5,326.36,182.02,119.35,55,5,NA,NA
1991,7,30,RamseyCanyonAZ,31.424,-110.2238,1460,25.12,18.4,20.8,23.2,14.9,2.29,13.17,3674,97,24.89,36.4,15.3,56.97,22.21,36.8,5.7,16.004383561643834,36.8,-8.3,67.74000000000001,504.76,25,50,77,29,71,114,260.22,11.465016458196182,28.5,-8.3,23.532258064516128,11.6,36.4,185.75,260.22,260.22,61.5,8,NA,NA
1992,8,2,RamseyCanyonAZ,31.424,-110.2238,1460,0,17.3,22.7,28.1,15.5,1.83,21.41,2610,88,24.45,38,13.8,116.19,22.54888888888889,38,7.1,16.240547945205478,38,-6.8,153.44,551.96,20,52,100,29,66,141,277.41999999999996,11.647837279516922,32.5,-6.8,23.837383512544804,11.4,38,268.91,153.44,277.41999999999996,55,7,NA,NA
1993,7,31,RamseyCanyonAZ,31.424,-110.2238,1460,0,20.2,27.5,34.8,11.9,8.23,43.04,2829,98,24.91,36.1,15,73.87,23.57111111111111,38.1,7.6,16.804931506849314,38.1,-6.3,89.62,632.67,24,60,99,27,77,150,386.1,11.98124972569673,31,-6.3,23.778602150537633,9.1,36.5,236.21,386.1,386.1,45.5,4,NA,NA
1994,7,30,RamseyCanyonAZ,31.424,-110.2238,1460,25.91,17,24.7,32.3,14.9,0.25,33.04,1400,82,26.096666666666668,37.2,14.6,73.35,24.104444444444443,40.3,7.1,16.972602739726028,40.3,-4.4,106.72,393.1,28,66,106,29,75,141,124.04,12.080220539828836,31.3,-4.4,24.635555555555555,12.3,37.2,196.24,124.04,124.04,44,5,NA,NA
1995,8,6,RamseyCanyonAZ,31.424,-110.2238,1460,0,20.4,28.2,36,11.4,9.99,46.48,4018,102,26.623333333333335,40,16.5,52.71,23.18111111111111,40,4.8,16.2572602739726,40,-5.9,53.34,554.66,26,57,97,29,70,123,376.82,11.415730743910467,29.5,-5.9,24.93516129032258,11.4,40,222.32,53.34,376.82,70,7,NA,NA
1996,8,5,RamseyCanyonAZ,31.424,-110.2238,1460,0,17.1,23.6,30.1,14.1,2.43,26.54,3207,95,25.833333333333332,36.4,17.1,144.14,25.165555555555557,38.3,8.5,17.98246575342466,38.3,-5.1,218.17,477.39,25,78,129,29,86,171,89.61,13.29721701361301,33,-5.1,24.01279569892473,11.2,36.4,242.96,218.17,89.61,67.5,8,NA,NA
1997,8,2,RamseyCanyonAZ,31.424,-110.2238,1460,8.01,18.9,26.4,33.9,16,2.16,36.22,4632,101,26.043333333333333,38.2,15.2,39.37,24.345555555555556,38.3,10.9,16.89068493150685,38.3,-8,60.22,261.27,26,67,109,30,79,141,121.17,12.00286921220101,33.5,-8,25.289032258064516,13.8,38.3,173.46,60.22,121.17,58,8,NA,NA
1998,8,1,RamseyCanyonAZ,31.424,-110.2238,1460,9.67,19,24.3,29.6,17.6,2.37,22.72,3099,90,25.576666666666668,38.9,16.9,154.26000000000002,22.833333333333332,38.9,4.5,16.164109589041097,38.9,-4.7,154.31,542.09,20,51,106,25,66,139,245.68,10.81738424402019,33.4,-4.7,24.82620071684588,12,38.9,263.93,154.31,245.68,56.5,7,NA,NA
1999,8,3,RamseyCanyonAZ,31.424,-110.2238,1460,9.87,16.4,23.7,31,15.5,0.68,28.65,2746,86,23.453333333333333,33.8,15.8,148.32,23.034444444444443,37.5,7.2,16.8827397260274,37.5,-5.8,173.65,345.96,10,50,107,22,74,145,66.09,12.28890168970814,33.3,-5.8,23.4378853046595,11.8,37.5,319.98,173.65,66.09,76,8,NA,NA
2000,8,5,RamseyCanyonAZ,31.424,-110.2238,1460,2.37,18.8,27.4,36,12,5.74,47.59,6975,89,26.183333333333337,37.3,16.1,48.07,24.735555555555557,38,8,17.515342465753424,38,-5.7,210.32,369.52,28,71,126,30,82,169,19.56,12.880761163197205,34.1,-5.7,24.617921146953407,11.9,37.3,232.12,210.32,19.56,56,6,NA,NA
2001,8,4,RamseyCanyonAZ,31.424,-110.2238,1460,0.63,18.1,25,31.8,16.7,1.7,28.79,3836,101,23.813333333333333,34.2,15.7,98.73,24.017777777777777,37.6,7.7,16.18986301369863,37.6,-6.4,129.41,756.64,14,64,115,25,80,146,453.51,10.724956111476848,33.7,-6.4,23.837777777777777,11.7,37.6,242.97,129.41,453.51,63,8,NA,NA
2002,8,3,RamseyCanyonAZ,31.424,-110.2238,1460,3.23,18.4,23.5,28.6,15.7,2.23,22.25,488,52,25.16,37.3,15.2,99.58,24.43777777777778,38.5,6.6,17.0972602739726,38.5,-9.7,103.06,321.76,24,70,121,28,83,168,77.32,12.183496818082071,30.8,-9.7,24.40637992831541,11.8,37.3,232.28,103.06,77.32,52,6,NA,NA
2003,8,2,RamseyCanyonAZ,31.424,-110.2238,1460,1.73,17.1,21.9,26.7,17.1,0.3,17.62,1320,68,26.726666666666667,39,16.7,84.84,24.55666666666667,39,4.9,16.91123287671233,39,-4.8,90.61,336.21,25,76,114,27,79,139,109.67,11.723762343647136,29.8,-4.8,25.131505376344087,12.7,39,213.81,90.61,109.67,47,5,NA,NA
2004,7,31,RamseyCanyonAZ,31.424,-110.2238,1460,0.03,16.7,25.1,33.5,8.6,6.1,41.71,2690,89,25.106666666666666,35.4,11.7,68.33,23.543333333333333,37,8.8,17.04082191780822,37.8,-9.1,84.61,429.4,25,67,123,29,82,157,214.09,12.254297897134382,34.5,-9.1,23.46720430107527,6.1,35.5,221.07,214.09,214.09,43.5,5,NA,NA
2005,7,31,RamseyCanyonAZ,31.424,-110.2238,1460,29.9,18.3,23.7,29,16.8,0.86,23.5,2089,85,26.98,38.8,16.4,115.9,24.26555555555555,38.8,6.4,16.427123287671233,38.8,-6.6,136.16,497.71,28,64,102,30,79,137,208.81,11.271193767829711,31,-6.6,24.572437275985664,9.2,38.8,288.46999999999997,208.81,208.81,54.5,5,NA,NA
2006,7,29,RamseyCanyonAZ,31.424,-110.2238,1460,10.72,18.5,22.8,27.1,17.3,0.53,18.28,760,64,26.98,37.3,16.1,95.89,25.356666666666666,38.3,10.2,17.65808219178082,38.3,-5.7,116.05,388.04,27,76,116,28,84,155,53.66,12.687828615317096,32.4,-5.7,23.540143369175627,10.5,37.3,340.48,53.66,53.66,49,6,NA,NA
2007,8,11,RamseyCanyonAZ,31.424,-110.2238,1460,0,18.3,24.6,30.8,16.2,1.7,28.43,2189,88,24.05,36.7,15.4,204.05,24.873333333333335,38.4,11.4,16.787123287671232,38.4,-7.9,247.24,580.98,13,65,78,21,78,121,152.54,12.026116962914198,31.6,-7.9,24.685591397849464,13.2,38.4,266.11,247.24,152.54,50,5,NA,NA
2008,8,2,RamseyCanyonAZ,31.424,-110.2238,1460,0,19.3,27.2,35,11.3,6.96,44.75,1251,90,24.543333333333333,35,16.9,192.5,23.683333333333337,38,6.6,17.297260273972604,38,-6.8,249.35,475.85,18,58,100,24,70,134,146.82,12.72061973621484,31.7,-6.8,23.560143369175627,13,35,373.52,249.35,146.82,54,7,NA,NA
2009,8,1,RamseyCanyonAZ,31.424,-110.2238,1460,0.03,18.9,26.5,34.1,9.1,8.51,43.47,1978,94,26.75,36.6,18,43.36,24.424444444444443,36.6,12,17.485753424657535,36.6,-6.5,139.05,417.5,28,67,97,30,85,145,103.73,12.930311608514373,32,-6.5,25.23598566308244,12.5,36.7,153.84,139.05,103.73,45,7,NA,NA
2010,7,31,RamseyCanyonAZ,31.424,-110.2238,1460,9.71,17.6,23.4,29.2,17.7,0.35,21.98,608,63,25.943333333333335,36.4,16.8,123.37,23.705555555555556,37.7,4.3,16.67890410958904,37.7,-4.7,123.37,530.77,23,57,103,29,76,142,304.89,11.486543778801844,31.5,-4.7,24.719820788530463,13.4,36.4,314.11,304.89,304.89,50,7,NA,NA
2011,7,30,RamseyCanyonAZ,31.424,-110.2238,1460,2.7,18.7,25.4,32,14.9,2.81,32.95,625,60,26.166666666666668,39.3,14.2,79.49,23.99,41.1,4.7,17.416986301369864,41.1,-14.7,85.78,327.67,25,69,116,29,80,156,41.44,12.634882598200573,33.2,-14.7,25.492544802867386,12.8,39.3,207.22,41.44,41.44,46.5,7,NA,NA
2012,8,4,RamseyCanyonAZ,31.424,-110.2238,1460,0,17.9,24.9,31.9,10.6,6.97,36,2966,85,24.926666666666662,35.2,15.6,133.27,24.948888888888888,40.1,8.1,17.761917808219177,40.1,-6.5,167.32,368.93,23,76,146,28,83,181,96.78,12.74989882938715,35.2,-6.5,24.545161290322586,10.9,38,271.68,167.32,96.78,56,7,NA,NA
2013,8,3,RamseyCanyonAZ,31.424,-110.2238,1460,6.81,17.4,23.5,29.7,14.4,3.25,25.44,2684,85,24.87,35.2,17.4,179.16,24.58111111111111,38.2,8.1,17.51808219178082,38.2,-10.7,203.32,428.33,17,68,120,26,78,160,108.36,12.563672372174675,32.6,-10.7,24.13326164874552,10.6,37.3,323.22,203.32,108.36,82,11,NA,NA
2014,8,2,RamseyCanyonAZ,31.424,-110.2238,1460,19.12,17.6,23.3,29.1,15.6,0.79,24.76,1078,74,25.196666666666665,35.6,17.3,166.24,24.61777777777778,37.5,7.1,17.71890410958904,37.5,-3.1,169.48,390.11,23,66,103,29,76,136,84.46000000000001,13.15717577353522,30.1,-3.1,23.828243727598565,12.1,36.3,489.28,169.48,84.46000000000001,45.5,7,14,24
2015,8,6,RamseyCanyonAZ,31.424,-110.2238,1460,0.08,21.9,28.6,35.3,9.6,11.62,47.18,3153,95,24.62,35.3,16.6,93.8,23.43111111111111,37.9,5.3,17.25178082191781,37.9,-6.7,181.97,695.84,21,59,82,27,69,112,194.4,13.120999561114768,30.6,-6.7,24.21172043010753,14.7,37.1,310.18,181.97,194.4,53,7,13,17
2016,8,1,RamseyCanyonAZ,31.424,-110.2238,1460,47.62,17.8,23.9,29.9,16.3,0.66,25,627,77,26.49,35.9,17.8,105.63,24.225555555555555,40.4,5.8,17.303561643835618,40.4,-6.6,162.92,479.6,29,61,105,30,75,137,151.45,12.52406589332062,33.4,-6.6,23.79096774193548,11.1,35.9,369.77,162.92,151.45,41.5,6,13,21
2017,8,1,RamseyCanyonAZ,31.424,-110.2238,1460,30.56,17.3,24.4,31.6,16.9,0.8,28.9,1149,74,24.693333333333335,37.7,16.7,159.98,23.955555555555556,41.4,3.4,17.654520547945207,41.4,-4.8,167.64,540.15,17,62,93,24,74,164,124.86,13.579257186745666,32.2,-4.8,23.87598566308244,8,37.7,225.29,167.64,124.86,44,6,13,11
2018,8,6,RamseyCanyonAZ,31.424,-110.2238,1460,1.18,19.9,28.3,36.8,12.7,6.82,49.31,2141,98,25.983333333333334,37.9,17.3,142.55,25.044444444444444,38.1,9.7,18.345479452054793,38.1,-5.4,180.39,341.4,24,77,139,26,83,176,108.88,14.1721044546851,33.2,-5.4,24.59272401433692,13.1,37.9,245.88,180.39,108.88,59.5,7,17,23
2019,8,1,RamseyCanyonAZ,31.424,-110.2238,1460,14.31,17.4,22.6,27.7,17.7,1.08,17.84,721,75,26.203333333333333,38.1,14.8,66.42,22.698888888888888,38.1,4.1,16.120821917808218,38.1,-7.3,79.3,440.74,28,61,108,29,69,134,251.04,11.068917050691244,31.4,-7.3,24.816021505376344,11,38.1,240.27,79.3,251.04,39.5,6,11,19
2020,7,28,RamseyCanyonAZ,31.424,-110.2238,1460,0,20,26.6,33.3,15.5,5.49,34.4,1346,93,26.53,39.5,15.9,52.07,24.787777777777777,39.5,9,17.073972602739726,39.5,-7.6,60.08,596.57,26,72,119,27,84,150,338.54999999999995,11.755962709889296,33.3,-7.6,26.20935483870968,12.3,39.5,118.38,338.54999999999995,338.54999999999995,55.5,7,12,27
2021,8,2,RamseyCanyonAZ,31.424,-110.2238,1460,0.69,18.9,25.2,31.6,17.2,2.95,27.61,1075,66,24.723333333333333,38.1,15.5,135.62,24.744444444444444,40.8,8.1,17.898082191780823,40.8,-7.1,142.15,255.58,21,69,144,26,82,176,71.44,12.75018762343647,34.5,-7.1,24.02347670250896,11.6,38.1,285.46999999999997,142.15,71.44,48,8,12,48
1991,7,27,SabinoCanyonAZ,32.3656,-110.7774,1484,0,18,25.1,32.3,13.1,5.56,33.91,66,8,25.653333333333332,36.3,17,13.050000000000008,22.084444444444443,36.3,3.1,15.744109589041097,36.3,-11,22.17999999999999,623.77,28,46,68,29,65,106,393.33,10.906579986833442,27.8,-11,24.22021505376344,13.3,36.3,187.58,393.33,393.33,4,2,NA,NA
1992,7,26,SabinoCanyonAZ,32.3656,-110.7774,1484,0,16.6,23.3,29.9,17.4,0.12,23.37,190,24,25.613333333333333,37.8,14.8,53.75000000000001,23.043333333333333,37.8,7.5,16.297260273972604,37.8,-7.4,110.42,729.75,25,52,96,28,65,139,444.80000000000007,11.309574659674771,31.2,-7.4,24.573225806451617,13.8,37.8,266.84,444.80000000000007,444.80000000000007,4.5,2,NA,NA
1993,7,30,SabinoCanyonAZ,32.3656,-110.7774,1484,0,22.7,28.6,34.4,10.5,13.67,43.33,333,36,25.296666666666667,35.8,16.1,40.11000000000001,23.745555555555555,38.1,7,16.561643835616437,38.1,-5.2,51.179999999999986,954.16,24,53,89,29,70,135,699.98,11.24145600175554,30.2,-5.2,24.25727598566308,11.1,36.8,364.68,699.98,699.98,5,2,NA,NA
1994,7,22,SabinoCanyonAZ,32.3656,-110.7774,1484,0.88,19.6,27,34.4,11.2,7.7,42.83,781,46,28.389999999999997,40,16.3,11.150000000000013,23.29,40,2,16.870136986301368,40,-4.4,52.15999999999999,704.14,27,52,98,29,63,131,346.72,11.565994075049376,31.2,-4.4,25.72021505376344,13.7,37.9,203.85,346.72,346.72,24,6,NA,NA
1995,7,29,SabinoCanyonAZ,32.3656,-110.7774,1484,0,24.6,32.6,40.7,1.5,23.06,70.67,1053,23,26.846666666666668,40.7,16.1,23.370000000000015,22.494444444444444,40.7,0.7,16.336986301369862,40.7,-4.8,29.66999999999999,749.28,26,46,94,30,56,113,537.09,11.160075707702436,29,-4.8,25.809856630824378,12.5,40.7,197.97,537.09,537.09,18,2,NA,NA
1996,7,27,SabinoCanyonAZ,32.3656,-110.7774,1484,0,19.3,26.1,32.8,15.7,3.78,32.04,118,16,26.633333333333333,36.2,16.4,63.850000000000016,24.994444444444444,37.3,7.6,18.096164383561643,40.7,-5,70.38,402.44,26,66,112,30,82,160,157.45999999999998,12.97581651570528,31.7,-5,24.441254480286737,10.9,36.2,241.35,157.45999999999998,157.45999999999998,16,3,NA,NA
1997,7,26,SabinoCanyonAZ,32.3656,-110.7774,1484,0,21.3,28.2,35,8.4,13.15,46.24,115,16,27.156666666666663,37.9,17,14.92000000000002,24.30222222222222,37.9,10.1,16.906027397260274,37.9,-6.6,49.23999999999999,486.86999999999995,27,60,98,29,72,132,258.55,11.695590300636384,32.8,-6.6,25.57,14.9,37.9,191.51,258.55,258.55,19,4,NA,NA
1998,8,1,SabinoCanyonAZ,32.3656,-110.7774,1484,8.68,18.5,24.2,29.8,16,1.76,24.31,221,22,26.266666666666666,39.5,16.3,121.26000000000002,22.993333333333336,39.5,5,15.864383561643836,39.5,-6.8,121.68999999999998,820.26,20,47,98,25,62,126,535.9,10.192783629580864,33.1,-6.8,25.390394265232977,13.2,39.5,269.98,121.68999999999998,535.9,7.5,2,NA,NA
2000,7,26,SabinoCanyonAZ,32.3656,-110.7774,1484,0,22.1,29.4,36.8,7,15.99,51.92,978,36,26.363333333333333,37.9,16.6,56.29000000000002,24.805555555555557,37.9,8.2,17.961917808219177,37.9,-4.1,98.36,368.63,25,65,118,28,79,154,69.29,13.305091371365007,33.6,-4.1,25.63236559139785,12.8,37.9,211.38,69.29,69.29,21.5,3,NA,NA
2001,7,18,SabinoCanyonAZ,32.3656,-110.7774,1484,0,17.8,23.2,28.5,15.7,1.8,22.18,379,42,25.976666666666667,38.4,16.5,77.82000000000002,23.51888888888889,38.4,0.8,16.706027397260275,38.4,-5.7,120.37999999999998,865.6899999999999,23,55,121,28,71,151,583.11,10.678477068246654,33.1,-5.7,25.11491039426523,16.2,38.4,210.23,583.11,583.11,23,4,NA,NA
2002,7,31,SabinoCanyonAZ,32.3656,-110.7774,1484,0,19.9,23.7,27.6,10.5,9.98,24.77,72,19,26.783333333333335,37.7,18,57.690000000000026,25.19,38.4,6.2,17.54191780821918,38.4,-7,57.68999999999998,314.23,27,69,122,28,80,158,136.74,12.153125960061445,30.2,-7,25.560107526881723,13.9,37.7,178.14999999999998,136.74,136.74,15,3,NA,NA
2008,7,19,SabinoCanyonAZ,32.3656,-110.7774,1484,0,20.2,27.4,34.6,12.5,6.49,42.79,216,32,26.319999999999997,38.3,15.8,93.43000000000002,22.46,38.3,5.6,16.994246575342466,38.3,-6,115.20999999999998,495.04,24,47,91,27,59,134,239.13,12.208713914931934,30.8,-6,24.401397849462366,14.1,36.3,238.77,239.13,239.13,14,2,NA,NA
2009,7,18,SabinoCanyonAZ,32.3656,-110.7774,1484,1.3,21.3,28.7,36,11.1,9.52,47.48,519,49,26.6,37.1,13.4,49.58000000000002,23.408888888888892,37.1,6.2,17.614794520547946,37.1,-5.6,70.01999999999998,365.97,27,54,102,29,73,146,141.14,12.90163704191354,31.5,-5.6,26.111541218637992,14.9,37.8,149.27,141.14,141.14,18,4,NA,NA
2010,7,17,SabinoCanyonAZ,32.3656,-110.7774,1484,0,22.9,28.6,34.4,13.3,11.73,40.57,1806,59,27.656666666666663,37.8,17.1,6.010000000000026,22.136666666666667,37.8,0.8,16.9,37.8,-3.4,36.03999999999998,510.47,30,51,121,30,61,140,400.36,11.353630678077682,32.2,-3.4,25.7178853046595,12.4,37.7,227.4,400.36,400.36,32,5,NA,NA
2011,7,16,SabinoCanyonAZ,32.3656,-110.7774,1484,0,15,25,34.9,-3.5,11.7,52.44,795,40,27.436666666666664,40,15,32.660000000000025,22.553333333333335,40,4.1,17.38027397260274,40,-12.6,33.62999999999998,475.65,29,54,118,30,64,150,220.63,12.371765415843758,34.1,-12.6,25.908566308243728,14.1,38.1,224.5,220.63,220.63,26.5,7,NA,NA
2012,7,21,SabinoCanyonAZ,32.3656,-110.7774,1484,5.34,19,26.1,33.2,14.3,2.21,38.26,216,40,26.983333333333334,37.7,16,77.86000000000003,24.47888888888889,37.7,8.2,17.54027397260274,37.7,-6.2,80.72999999999998,499.46,27,69,131,29,78,165,257.88,12.081953493299434,33.8,-6.2,25.137240143369176,13.5,38.2,244.17,257.88,257.88,18,4,NA,NA
2013,7,20,SabinoCanyonAZ,32.3656,-110.7774,1484,0.58,19.4,24.4,29.5,14.9,3.61,26.17,434,39,27.119999999999997,38.2,18.1,90.160000000000025,24.377777777777776,38.2,8.2,17.653424657534245,38.2,-9.7,92.03999999999998,462.42,27,61,113,29,72,147,198.73,12.396251920122888,31.8,-9.7,25.120179211469537,9.7,38.2,258.15,198.73,198.73,31.5,7,NA,NA
2014,7,19,SabinoCanyonAZ,32.3656,-110.7774,1484,0,21.2,27.1,32.9,6.6,14.84,40.89,359,36,26.483333333333334,36.4,16.9,145.46,23.31222222222222,37,3.8,17.73780821917808,37.1,-4,150.08999999999995,451.54,29,60,108,30,66,138,137.51,12.918891814790433,29.7,-4,24.794444444444444,12.4,37.1,333.51,137.51,137.51,33.5,5,11,22
2015,7,18,SabinoCanyonAZ,32.3656,-110.7774,1484,20.1,18.7,23.4,28.2,15.3,3.32,21.83,262,42,26.743333333333332,38,18,155.12000000000003,22.14888888888889,38,5.2,17.656164383561645,38,-5.5,234.14,822.56,27,46,91,29,55,122,421.29,13.253603247750712,30.8,-5.5,25.01458781362007,15.4,37.4,550.62,421.29,421.29,29.5,6,17,16
2016,7,16,SabinoCanyonAZ,32.3656,-110.7774,1484,0,22.4,29.1,35.8,9.4,12.71,48.41,850,56,27.376666666666665,39.9,16.7,55.160000000000046,22.621111111111112,39.9,4.9,17.30931506849315,39.9,-7.9,55.81999999999998,848.3100000000001,28,47,104,28,57,133,362.11,12.31660416335611,33.6,-7.9,24.635734767025088,10.6,36.6,219.55,362.11,362.11,45.5,9,17,25
2017,7,15,SabinoCanyonAZ,32.3656,-110.7774,1484,5.06,19.8,26.4,33.1,15.1,3.55,35.37,695,42,28.87333333333333,40.8,17,65.57000000000005,23.492222222222225,40.8,5.2,18.115068493150684,40.8,-4.2,71.28999999999998,542.16,29,59,107,30,69,156,265.07,13.623598858898395,31.4,-4.2,25.098387096774193,9.5,38.2,314.03000000000003,265.07,265.07,38.5,6,12,15
2018,7,31,SabinoCanyonAZ,32.3656,-110.7774,1484,9.69,20.5,27.1,33.6,14.7,5.74,36.96,1098,63,26.656666666666663,38.8,17.5,94.18000000000004,24.90111111111111,38.8,4.3,18.74821917808219,38.8,-4.1,134.32999999999998,393.46,25,69,130,26,77,163,161,14.440797673908271,32.5,-4.1,25.790716845878137,15.2,38.8,213.57,161,161,33.5,6,14,15
2019,7,23,SabinoCanyonAZ,32.3656,-110.7774,1484,16.91,18.5,26.3,34,14.7,1.93,38.96,900,61,27.436666666666664,37.7,16.2,25.20000000000004,22.455555555555556,37.7,4.1,16.69123287671233,38.8,-5.4,31.729999999999983,630.1,30,55,110,30,63,133,451.93,11.334410796576694,31.5,-5.4,26.006236559139783,12.5,37.7,178.01,451.93,451.93,38.5,7,12,19
2020,7,29,SabinoCanyonAZ,32.3656,-110.7774,1484,0,21.1,28.1,35.1,14,6.65,43.11,248,34,27.583333333333332,39.5,17.4,36.490000000000045,25.28777777777778,39.5,9.5,17.56904109589041,39.5,-6.5,43.78999999999998,453.27,27,71,124,28,81,146,272.38,12.072971555696803,33.6,-6.5,27.32978494623656,10.9,39.5,69.09,272.38,272.38,14.5,4,7,7
2021,7,26,SabinoCanyonAZ,32.3656,-110.7774,1484,11.29,16.1,19.1,22.1,16.7,0.5,7.49,730,43,25.48,36.6,16.1,161.79000000000005,24.094444444444445,40.1,4.2,18.252876712328767,40.1,-4.8,170.70999999999998,289.75,21,61,141,25,73,167,88.09,12.877880184331795,35,-4.8,24.508028673835128,12.1,36.6,408.88,88.09,88.09,49.5,11,20,39
2011,7,31,SantaRitaMountains,31.7268,-110.8723,1786,0.91,18.7,23.7,28.7,13.5,4.67,25.11,588,36,24.14,36.6,15.3,94.66,22.665555555555557,39.9,5.1,16.58082191780822,39.9,-15.7,96.73000000000005,490.58,16,49,77,24,64,111,195.03000000000003,12.080333552775947,31.1,-15.7,23.95605734767025,12.8,36.6,266.08,195.03000000000003,195.03000000000003,16,3,NA,NA
2012,7,29,SantaRitaMountains,31.7268,-110.8723,1786,6.14,16.5,21.6,26.7,15.3,0.88,16.83,849,52,23.25,33.9,14.6,121.35,23.032222222222224,37.3,6.7,16.653698630136986,37.3,-6.9,165.61000000000004,564.15,11,49,86,19,64,126,226.21,11.864096615286826,32.3,-6.9,22.7863082437276,12.5,35.3,383.3,226.21,226.21,18.5,5,NA,NA
2013,7,28,SantaRitaMountains,31.7268,-110.8723,1786,2.23,18.8,23.7,28.7,14.9,3.27,22.92,1071,56,23.856666666666666,36.4,15.9,86.67999999999999,22.99888888888889,37,6.6,16.63671232876712,37,-10.5,86.68000000000004,532.36,10,41,59,19,64,102,177.58999999999995,12.106195962255873,29.9,-10.5,22.96505376344086,9.3,36.4,305,177.58999999999995,177.58999999999995,26.5,5,NA,NA
2014,7,27,SantaRitaMountains,31.7268,-110.8723,1786,5.84,18.4,24.6,30.8,12.9,5.93,30.08,1067,58,24.39,34.8,16.6,152.1,23.162222222222223,36.2,4.9,16.986027397260273,36.2,-4,152.25000000000003,493.36,15,54,74,27,70,108,120.56,12.566086240947993,28.2,-4,22.595089605734767,10.6,33.8,441.19,120.56,120.56,27,4,11,8
2015,7,26,SantaRitaMountains,31.7268,-110.8723,1786,0,19.6,24.7,29.8,8.1,8.81,30.39,4878,84,23.04,32.9,14.8,133.67999999999998,21.07111111111111,36.8,3.4,16.495342465753424,36.8,-7.7,155.97000000000003,677.4300000000001,10,31,43,19,48,77,226.53,12.819689488698703,27.9,-7.7,22.95845878136201,14.1,34,447.4,226.53,226.53,43,6,17,21
2016,7,31,SantaRitaMountains,31.7268,-110.8723,1786,5.2,16.7,22.7,28.7,15.3,1.89,21.38,1587,68,25.423333333333332,35.1,16.3,73.55999999999999,23.03777777777778,38.4,3.9,16.63808219178082,38.4,-9.2,116.95000000000005,674.23,25,48,66,28,61,104,244.65,12.190113353461518,31.2,-9.2,23.012544802867385,10.3,35.1,446.73,244.65,244.65,40.5,6,13,20
2017,7,26,SantaRitaMountains,31.7268,-110.8723,1786,0.07,17.5,23.3,29,15,1.67,23.24,998,55,24.36,35.7,15.8,180.56,22.723333333333336,39.6,2.9,17.344931506849314,39.6,-4.7,188.25000000000009,753.5500000000001,16,48,66,21,60,110,168.74,13.495624314241825,30.3,-4.7,22.920501792114695,10,35.3,320.54,168.74,168.74,38,6,11,21
2018,7,29,SantaRitaMountains,31.7268,-110.8723,1786,0.09,19.3,24.1,28.8,15.6,4.1,20.55,2994,71,24.543333333333333,36.7,15.2,100.63,23.413333333333338,36.7,4.2,18.15917808219178,36.7,-4.7,132.57000000000005,392.05,16,52,67,25,71,128,137.21,14.605859117840684,31.2,-4.7,23.798458781362008,14.2,36.7,301.51,137.21,137.21,58.5,9,16,23
2019,7,28,SantaRitaMountains,31.7268,-110.8723,1786,0,20,26.4,32.7,12.4,8.19,34.5,1100,69,25.846666666666668,37,16.6,53.49999999999999,21.397777777777776,37,3,15.741643835616438,37,-7.4,65.36000000000004,816.34,25,46,69,28,54,101,550.01,10.956926706166335,29.8,-7.4,23.90089605734767,11.2,36.8,279.52,550.01,550.01,37.5,6,18,12
2020,7,31,SantaRitaMountains,31.7268,-110.8723,1786,0,23.8,29.3,34.8,6.8,19.06,45.72,1803,76,26.196666666666665,38.2,15.8,98.73,24.294444444444444,38.2,8.6,16.840273972602738,38.2,-6.1,122.71000000000004,715.4100000000001,24,58,87,27,72,123,404.53,11.85201599660999,31.9,-6.1,25.752114695340502,11.9,38.2,187.04,404.53,404.53,60,10,16,44
2021,7,31,SantaRitaMountains,31.7268,-110.8723,1786,4.34,17,21.6,26.2,14.1,3.41,17.52,1496,42,22.833333333333332,34.5,14.5,253.72,23.27444444444445,39.8,7.4,17.471506849315066,39.8,-5.9,261.56000000000006,426.37000000000006,9,45,111,19,66,144,76.5,12.649283519859557,33.9,-5.9,22.63903225806452,11.3,34.5,427.2999999999999,76.5,76.5,36,6,10,17
1999,7,23,SycamoreCreekAZ,33.8,-111.48,958,10.06,22.1,29,35.9,16,7.99,40.6,195,14,29.23,40.5,18.6,86.38,24.683333333333337,40.5,4.6,19.113698630136987,42.1,-2.7,86.43000000000002,416.28,30,65,139,30,74,161,261.98,13.793762343647137,33.8,-2.7,27.843333333333337,16.7,40.5,227.87,261.98,261.98,10,4,NA,NA
2000,7,22,SycamoreCreekAZ,33.8,-111.48,958,0,25.7,32.5,39.3,10,19.93,58.81,58,5,29.526666666666664,42.2,19,11.249999999999991,27.068888888888885,42.2,9.8,20.30767123287671,42.2,-2.5,14.490000000000022,270.46,30,83,177,30,84,202,114.48,15.180558821971502,35.7,-2.5,29.18168458781362,14.1,42.2,72.30000000000001,114.48,114.48,6,3,NA,NA
2004,7,28,SycamoreCreekAZ,33.8,-111.48,958,3.08,21,28.5,35.9,12.4,7.47,46.15,131,17,29.53666666666667,41.2,16.7,26.299999999999983,26.778888888888886,41.2,10.8,20.133698630136987,43,-4,26.300000000000026,389.15,30,78,167,30,87,189,276.6,14.717552836484984,37.5,-4,28.1184229390681,11.6,41.2,112.7,276.6,276.6,5.3,3,NA,NA
