Site,year,Mseason_tmean,Mseason_tmin,Mseason_tmax,Mseason_precip,previous_Mseason_precip
AtascosaHighlandsAZ,1980,NA,NA,NA,NA,NA
AtascosaHighlandsAZ,1981,24.42168458781362,12.9,36.2,299.58,NA
AtascosaHighlandsAZ,1982,24.192043010752688,9.7,36.5,230.89,299.58
AtascosaHighlandsAZ,1983,24.654910394265233,13.6,38.7,402.23,230.89
AtascosaHighlandsAZ,1984,23.36347670250896,13,34.6,504.06,402.23
AtascosaHighlandsAZ,1985,23.426164874551972,7.9,37.9,299.17,504.06
AtascosaHighlandsAZ,1986,23.09688172043011,5.9,37.9,335.14,299.17
AtascosaHighlandsAZ,1987,22.971720430107528,8.8,36,370.84999999999997,335.14
AtascosaHighlandsAZ,1988,23.411863799283154,8.1,35.3,338.76,370.84999999999997
AtascosaHighlandsAZ,1989,24.679462365591398,8.9,39.4,159.3,338.76
AtascosaHighlandsAZ,1990,22.75043010752688,10,37,410.36,159.3
AtascosaHighlandsAZ,1991,23.711075268817204,12.4,36.8,189.67000000000002,410.36
AtascosaHighlandsAZ,1992,23.953584229390682,12.4,38.6,294.53999999999996,189.67000000000002
AtascosaHighlandsAZ,1993,23.689964157706093,8.3,36.5,315.77,294.53999999999996
AtascosaHighlandsAZ,1994,25.225089605734766,12.8,37.7,209.53,315.77
AtascosaHighlandsAZ,1995,25.171827956989247,11.2,40.3,245.60999999999999,209.53
AtascosaHighlandsAZ,1996,24.2315770609319,10,36.4,332.31,245.60999999999999
AtascosaHighlandsAZ,1997,25.24304659498208,13.9,38.9,266.39,332.31
AtascosaHighlandsAZ,1998,24.888817204301077,11.1,38.6,406.79,266.39
AtascosaHighlandsAZ,1999,23.91956989247312,12.8,38,343.46999999999997,406.79
AtascosaHighlandsAZ,2000,24.765448028673834,11.6,37.6,217.47,343.46999999999997
AtascosaHighlandsAZ,2001,24.39347670250896,11.7,38.4,249.68,217.47
AtascosaHighlandsAZ,2002,24.86763440860215,12.6,37.7,236.14,249.68
AtascosaHighlandsAZ,2003,25.432939068100357,12.6,38.7,321.22,236.14
AtascosaHighlandsAZ,2004,24.047347670250897,6.9,35.9,215.35,321.22
AtascosaHighlandsAZ,2005,24.736129032258063,9.8,38.8,240.1,215.35
AtascosaHighlandsAZ,2006,23.56225806451613,9.9,37.4,360.72,240.1
AtascosaHighlandsAZ,2007,24.51605734767025,10.3,39,321.32,360.72
AtascosaHighlandsAZ,2008,23.616702508960575,12.3,35.4,394.33000000000004,321.32
AtascosaHighlandsAZ,2009,25.26594982078853,12.8,37.3,230.51999999999998,394.33000000000004
AtascosaHighlandsAZ,2010,25.07584229390681,11.9,36.6,272.63,230.51999999999998
AtascosaHighlandsAZ,2011,25.255913978494625,12.3,38.2,225.1,272.63
AtascosaHighlandsAZ,2012,24.41698924731183,11.6,37.1,293.3,225.1
AtascosaHighlandsAZ,2013,24.386021505376345,8.8,37.6,250.51,293.3
AtascosaHighlandsAZ,2014,24.009892473118278,9.5,36.4,436.44000000000005,250.51
AtascosaHighlandsAZ,2015,24.2968458781362,14,37,347.34,436.44000000000005
AtascosaHighlandsAZ,2016,23.955913978494625,9.6,36.6,363.83,347.34
AtascosaHighlandsAZ,2017,24.12741935483871,6.9,38.6,330.87,363.83
AtascosaHighlandsAZ,2018,24.989068100358423,13.8,38.4,314.14,330.87
AtascosaHighlandsAZ,2019,25.053440860215055,10,37.7,227.97000000000003,314.14
AtascosaHighlandsAZ,2020,26.38125448028674,10.9,39.3,180.63,227.97000000000003
AtascosaHighlandsAZ,2021,24.00114695340502,11.2,36.5,386.23,180.63
BoyceThompsonArboretum,1981,27.881039426523298,14,39.3,130.35999999999999,NA
BoyceThompsonArboretum,1982,26.658279569892475,9.7,38.8,246.8,130.35999999999999
BoyceThompsonArboretum,1983,27.65279569892473,15.6,41.3,268.95,246.8
BoyceThompsonArboretum,1984,26.555913978494623,14.6,38.6,256.54,268.95
BoyceThompsonArboretum,1985,26.69179211469534,11.2,41.3,200.57999999999998,256.54
BoyceThompsonArboretum,1986,25.15164874551971,9.4,40.3,228.02,200.57999999999998
BoyceThompsonArboretum,1987,26.905304659498206,15.6,38.6,151.88,228.02
BoyceThompsonArboretum,1988,27.204014336917563,12.5,38.6,228.41,151.88
BoyceThompsonArboretum,1989,28.000645161290322,14.4,41,96.83,228.41
BoyceThompsonArboretum,1990,26.503512544802867,15.8,39.4,340.24,96.83
BoyceThompsonArboretum,1991,27.20021505376344,16.5,37.8,150.28,340.24
BoyceThompsonArboretum,1992,26.932903225806452,15.1,38,246.87,150.28
BoyceThompsonArboretum,1993,26.698602150537635,12.4,40.2,101.42,246.87
BoyceThompsonArboretum,1994,28.45032258064516,15.4,40,113.88000000000001,101.42
BoyceThompsonArboretum,1995,28.621182795698925,15.1,43.1,135.05,113.88000000000001
BoyceThompsonArboretum,1996,26.974551971326164,13.1,39.3,222.79,135.05
BoyceThompsonArboretum,1997,28.177849462365593,17.9,38.9,72.81,222.79
BoyceThompsonArboretum,1998,28.12584229390681,15.3,42.5,171.56,72.81
BoyceThompsonArboretum,1999,27.096559139784947,17.3,38.6,268.12,171.56
BoyceThompsonArboretum,2000,28.63154121863799,15,39.7,31.229999999999997,268.12
BoyceThompsonArboretum,2001,28.018028673835126,17.7,40.5,161.24,31.229999999999997
BoyceThompsonArboretum,2002,28.47931899641577,15.6,39.1,64.78999999999999,161.24
BoyceThompsonArboretum,2003,28.769856630824375,17.8,41,132.02,64.78999999999999
BoyceThompsonArboretum,2004,27.04989247311828,10.7,38.9,123.73,132.02
BoyceThompsonArboretum,2005,28.202401433691755,15.2,41.1,136.27,123.73
BoyceThompsonArboretum,2006,26.747311827956988,14.2,42,185.42,136.27
BoyceThompsonArboretum,2007,28.312186379928317,13.3,41.4,125.97999999999999,185.42
BoyceThompsonArboretum,2008,27.128028673835125,16.5,39.5,247.52999999999997,125.97999999999999
BoyceThompsonArboretum,2009,28.341827956989246,15.7,39.9,88.32000000000001,247.52999999999997
BoyceThompsonArboretum,2010,28.0978853046595,15.3,40.1,215.69,88.32000000000001
BoyceThompsonArboretum,2011,28.454910394265234,16.6,40.3,187.63,215.69
BoyceThompsonArboretum,2012,27.525663082437276,14.9,40.3,112.56,187.63
BoyceThompsonArboretum,2013,27.260286738351255,11.7,40.6,96.76,112.56
BoyceThompsonArboretum,2014,27.097347670250894,13.9,38.3,380.82,96.76
BoyceThompsonArboretum,2015,27.453655913978494,17.2,40.3,155.01,380.82
BoyceThompsonArboretum,2016,27.000967741935483,12.1,39.2,102.25999999999999,155.01
BoyceThompsonArboretum,2017,27.277813620071683,10.9,40.7,136.34,102.25999999999999
BoyceThompsonArboretum,2018,28.238817204301075,17.7,40.5,140.57,136.34
BoyceThompsonArboretum,2019,28.38336917562724,15.5,39.9,204.43,140.57
BoyceThompsonArboretum,2020,29.53003584229391,15,41.7,20.31,204.43
BoyceThompsonArboretum,2021,27.036451612903225,14.8,38.6,246.56,20.31
Cottonwood,1981,26.738745519713262,12.1,43.6,150.2,NA
Cottonwood,1982,26.352759856630826,6.2,41.4,130.4,150.2
Cottonwood,1983,26.2447311827957,11.8,42.1,296.55,130.4
Cottonwood,1984,26.1047311827957,11.5,42.6,173.24,296.55
Cottonwood,1985,25.411505376344085,5.9,44.6,99.75,173.24
Cottonwood,1986,24.510107526881722,7,40.5,184.07,99.75
Cottonwood,1987,25.052186379928315,8.3,40.9,105.53,184.07
Cottonwood,1988,25.443763440860213,6.5,41.4,119.47999999999999,105.53
Cottonwood,1989,26.264229390681002,7.9,43.2,113.48,119.47999999999999
Cottonwood,1990,25.511863799283155,10.2,43.3,224.4,113.48
Cottonwood,1991,26.27043010752688,10.7,41.6,90.71,224.4
Cottonwood,1992,25.217096774193546,10.2,40.3,165.26,90.71
Cottonwood,1993,25.3147311827957,8.7,42.1,135.84,165.26
Cottonwood,1994,26.89082437275986,9.2,43,110.34,135.84
Cottonwood,1995,26.706810035842295,8.9,45.4,151.57000000000002,110.34
Cottonwood,1996,26.065698924731183,8.8,42,144.26,151.57000000000002
Cottonwood,1997,26.133333333333333,11.4,43.2,141.22,144.26
Cottonwood,1998,26.1652688172043,8.7,43.3,174.5,141.22
Cottonwood,1999,25.151218637992834,9.3,40.5,248.75,174.5
Cottonwood,2000,26.433440860215054,7.7,42.5,76.16999999999999,248.75
Cottonwood,2001,26.525412186379928,11.5,42.1,113.7,76.16999999999999
Cottonwood,2002,27.09688172043011,9.3,42.8,136.45,113.7
Cottonwood,2003,27.38741935483871,11.2,44.7,85.16,136.45
Cottonwood,2004,25.67430107526882,7.5,40.8,106.15,85.16
Cottonwood,2005,26.18225806451613,9,44.1,92.15,106.15
Cottonwood,2006,25.867921146953403,7,43.7,174.82999999999998,92.15
Cottonwood,2007,26.94931899641577,8.3,43.9,111.38,174.82999999999998
Cottonwood,2008,26.475340501792115,12.2,41.6,95.91,111.38
Cottonwood,2009,26.98179211469534,10.1,42.3,70.4,95.91
Cottonwood,2010,26.670824372759856,9.6,41.3,152.35,70.4
Cottonwood,2011,27.131039426523298,11.4,42.6,134.57999999999998,152.35
Cottonwood,2012,26.524551971326165,11.1,41.4,178.65,134.57999999999998
Cottonwood,2013,25.704372759856632,5.6,42.8,230.71,178.65
Cottonwood,2014,25.794193548387096,7.8,40.4,220.99,230.71
Cottonwood,2015,26.469856630824374,12,40.3,141.98,220.99
Cottonwood,2016,25.585770609318995,7.9,41.8,171.94,141.98
Cottonwood,2017,25.890716845878135,4.5,43.1,185.7,171.94
Cottonwood,2018,26.79720430107527,12,42.7,169.24,185.7
Cottonwood,2019,27.025698924731184,8.9,41.5,102.37,169.24
Cottonwood,2020,27.803727598566308,8.6,44.5,29.39,102.37
Cottonwood,2021,26.52670250896057,11.6,42.7,216.68,29.39
GrandCanyonDesertView,1981,22.012867383512546,7.3,36.2,195.07,NA
GrandCanyonDesertView,1982,20.781326164874553,0.8,34.7,151.7,195.07
GrandCanyonDesertView,1983,21.555197132616488,5.1,36,212.39,151.7
GrandCanyonDesertView,1984,20.203333333333333,4.4,35.3,173.85,212.39
GrandCanyonDesertView,1985,20.130286738351256,-0.6,38.2,86.67,173.85
GrandCanyonDesertView,1986,19.238996415770607,-0,34.8,111.19,86.67
GrandCanyonDesertView,1987,19.881720430107528,4.4,33.9,121.22,111.19
GrandCanyonDesertView,1988,20.114050179211468,1.2,34.9,92.02,121.22
GrandCanyonDesertView,1989,20.56301075268817,1.8,38.1,91.55000000000001,92.02
GrandCanyonDesertView,1990,21.21268817204301,5.1,36.9,164.8,91.55000000000001
GrandCanyonDesertView,1991,21.621505376344086,7.7,35.5,83.52,164.8
GrandCanyonDesertView,1992,20.99200716845878,7.2,34.6,158.17,83.52
GrandCanyonDesertView,1993,21.22953405017921,3.6,36.6,84.83,158.17
GrandCanyonDesertView,1994,22.510465949820787,6,36.4,96.85,84.83
GrandCanyonDesertView,1995,22.18089605734767,2,37.5,102.57,96.85
GrandCanyonDesertView,1996,21.827491039426523,2.4,36.9,103.36,102.57
GrandCanyonDesertView,1997,21.456308243727598,5.8,36.7,179.99,103.36
GrandCanyonDesertView,1998,21.79193548387097,7.7,37.8,160.20999999999998,179.99
GrandCanyonDesertView,1999,19.946559139784945,3,36.6,218.21,160.20999999999998
GrandCanyonDesertView,2000,22.036487455197133,-0.1,36.6,74.63,218.21
GrandCanyonDesertView,2001,21.80379928315412,6.3,35.9,105.34,74.63
GrandCanyonDesertView,2002,22.15899641577061,4,38.1,101.75999999999999,105.34
GrandCanyonDesertView,2003,22.753010752688173,4.6,39.1,87.4,101.75999999999999
GrandCanyonDesertView,2004,20.556129032258063,1,34.9,179.81,87.4
GrandCanyonDesertView,2005,21.266594982078853,5.4,38.2,88.14,179.81
GrandCanyonDesertView,2006,20.48426523297491,1.1,36.8,106.95,88.14
GrandCanyonDesertView,2007,22.469283154121864,2.4,38.2,124.25999999999999,106.95
GrandCanyonDesertView,2008,21.814802867383513,7.2,35.5,112.03,124.25999999999999
GrandCanyonDesertView,2009,22.038566308243727,5.4,37.3,50.010000000000005,112.03
GrandCanyonDesertView,2010,21.934516129032257,5.9,36.3,81.78,50.010000000000005
GrandCanyonDesertView,2011,21.991290322580646,7.2,36.1,111.96,81.78
GrandCanyonDesertView,2012,22.025376344086023,8.3,35.3,236.16,111.96
GrandCanyonDesertView,2013,21.374982078853048,2.5,37.1,242.01999999999998,236.16
GrandCanyonDesertView,2014,22.065017921146953,6.1,35.6,173.51,242.01999999999998
GrandCanyonDesertView,2015,21.86899641577061,9.4,36.8,176.21,173.51
GrandCanyonDesertView,2016,21.609175627240145,4.6,37.3,183.38,176.21
GrandCanyonDesertView,2017,21.76200716845878,0.2,36.7,116.91,183.38
GrandCanyonDesertView,2018,23.161182795698927,9.2,36.1,114.16,116.91
GrandCanyonDesertView,2019,23.217491039426523,6.4,36,30.41,114.16
GrandCanyonDesertView,2020,23.954480286738352,2.8,37.2,27.150000000000002,30.41
GrandCanyonDesertView,2021,23.312293906810037,7.3,40,107.87,27.150000000000002
GrandCanyonNorthRim,1981,20.26462365591398,5.6,33.9,218.22000000000003,NA
GrandCanyonNorthRim,1982,18.897849462365592,-1,32.9,171.89,218.22000000000003
GrandCanyonNorthRim,1983,19.686451612903227,3.7,33,241.62,171.89
GrandCanyonNorthRim,1984,18.29569892473118,2.7,32.9,186.08,241.62
GrandCanyonNorthRim,1985,18.261290322580646,-2.2,35.9,124.49000000000001,186.08
GrandCanyonNorthRim,1986,17.316164874551973,-1.2,32.3,127.16999999999999,124.49000000000001
GrandCanyonNorthRim,1987,18.031505376344086,2.7,31.7,152.04000000000002,127.16999999999999
GrandCanyonNorthRim,1988,18.28247311827957,-0.6,32.5,97.33999999999999,152.04000000000002
GrandCanyonNorthRim,1989,18.66168458781362,0.5,36,122.26,97.33999999999999
GrandCanyonNorthRim,1990,19.34777777777778,3.4,34,172.44,122.26
GrandCanyonNorthRim,1991,19.623405017921147,6.4,33,84.41,172.44
GrandCanyonNorthRim,1992,18.845412186379928,5.4,31.9,202.8,84.41
GrandCanyonNorthRim,1993,19.04007168458781,1.7,33.5,90.06,202.8
GrandCanyonNorthRim,1994,20.301720430107526,4.4,35,105.17999999999999,90.06
GrandCanyonNorthRim,1995,20.039641577060934,0.6,34.9,107.41,105.17999999999999
GrandCanyonNorthRim,1996,19.791612903225804,0.7,34.6,112.91,107.41
GrandCanyonNorthRim,1997,19.3173835125448,3.9,34.7,200,112.91
GrandCanyonNorthRim,1998,19.704838709677418,6.4,36,182.97,200
GrandCanyonNorthRim,1999,18.344587813620073,1.9,34.1,228.57,182.97
GrandCanyonNorthRim,2000,19.9663082437276,-2.3,35,82.9,228.57
GrandCanyonNorthRim,2001,19.730179211469533,4.2,34.4,109.86999999999999,82.9
GrandCanyonNorthRim,2002,20.167956989247312,2.1,37,110.7,109.86999999999999
GrandCanyonNorthRim,2003,20.950394265232973,2.1,37.6,104.06,110.7
GrandCanyonNorthRim,2004,18.851290322580645,-1.4,34,206.29000000000002,104.06
GrandCanyonNorthRim,2005,19.674659498207888,3.9,36.3,109.64,206.29000000000002
GrandCanyonNorthRim,2006,18.836881720430107,-1.2,35.2,121.73,109.64
GrandCanyonNorthRim,2007,20.65405017921147,1.1,36.4,130.4,121.73
GrandCanyonNorthRim,2008,20.022759856630824,5.5,34.4,137.62,130.4
GrandCanyonNorthRim,2009,20.377168458781362,4,35.6,57.980000000000004,137.62
GrandCanyonNorthRim,2010,20.333189964157704,4.4,34.9,89.03,57.980000000000004
GrandCanyonNorthRim,2011,20.351397849462366,5.3,34.4,111.37,89.03
GrandCanyonNorthRim,2012,20.11652329749104,5.9,33.3,175.42000000000002,111.37
GrandCanyonNorthRim,2013,19.261146953405017,-0.4,34.2,270.09000000000003,175.42000000000002
GrandCanyonNorthRim,2014,19.777455197132618,4.8,33.1,188.3,270.09000000000003
GrandCanyonNorthRim,2015,19.733154121863798,7.8,33.1,164.29999999999998,188.3
GrandCanyonNorthRim,2016,19.31863799283154,2.4,34.5,206.89,164.29999999999998
GrandCanyonNorthRim,2017,19.730645161290322,-1.3,35,122.73,206.89
GrandCanyonNorthRim,2018,21.17673835125448,8,33.7,158.41,122.73
GrandCanyonNorthRim,2019,20.837921146953406,3.7,34,38.64,158.41
GrandCanyonNorthRim,2020,21.938494623655913,0.4,35.9,30.01,38.64
GrandCanyonNorthRim,2021,21.175555555555558,4.1,37,125.13000000000001,30.01
GrandCanyonSouthRim,1981,19.309390681003585,4.8,34.2,260.1,NA
GrandCanyonSouthRim,1982,18.20179211469534,-1.4,32.7,179.68,260.1
GrandCanyonSouthRim,1983,18.87516129032258,3,33.6,251.73000000000002,179.68
GrandCanyonSouthRim,1984,17.522903225806452,1.4,32.9,199.04,251.73000000000002
GrandCanyonSouthRim,1985,17.25035842293907,-2.4,36,88.3,199.04
GrandCanyonSouthRim,1986,16.726236559139785,-1.8,32.7,116.6,88.3
GrandCanyonSouthRim,1987,17.011433691756274,1.7,31.7,149,116.6
GrandCanyonSouthRim,1988,17.34179211469534,-1.5,32.3,103.99,149
GrandCanyonSouthRim,1989,17.636379928315414,-1.6,36,125.85,103.99
GrandCanyonSouthRim,1990,18.268243727598566,2.8,34.3,198.24,125.85
GrandCanyonSouthRim,1991,18.76763440860215,3.8,33.3,121.73,198.24
GrandCanyonSouthRim,1992,18.201505376344087,4.1,32.2,184.25,121.73
GrandCanyonSouthRim,1993,18.238387096774193,0.4,33.8,115.38,184.25
GrandCanyonSouthRim,1994,19.053225806451614,2.2,34.2,116.68,115.38
GrandCanyonSouthRim,1995,19.399211469534052,0,35.3,137.24,116.68
GrandCanyonSouthRim,1996,19.01451612903226,-0.1,34.9,132.73,137.24
GrandCanyonSouthRim,1997,18.55326164874552,2.6,34.6,215.22,132.73
GrandCanyonSouthRim,1998,18.860967741935482,3.5,35.6,182,215.22
GrandCanyonSouthRim,1999,17.02505376344086,0.8,34.2,268.5,182
GrandCanyonSouthRim,2000,18.755483870967744,-3.4,33.7,86.97999999999999,268.5
GrandCanyonSouthRim,2001,18.205627240143368,3,32.6,125.23,86.97999999999999
GrandCanyonSouthRim,2002,18.444910394265232,-0.3,35.5,114.92,125.23
GrandCanyonSouthRim,2003,19.592365591397847,1.7,37.4,102.31,114.92
GrandCanyonSouthRim,2004,16.908817204301076,-1.9,32.5,203.04,102.31
GrandCanyonSouthRim,2005,17.5926164874552,-0.2,35.9,107.26,203.04
GrandCanyonSouthRim,2006,17.199605734767026,-2.6,33.8,129.42,107.26
GrandCanyonSouthRim,2007,19.226344086021506,-0.7,36.5,169.25,129.42
GrandCanyonSouthRim,2008,18.459964157706093,1.8,33.4,145.57999999999998,169.25
GrandCanyonSouthRim,2009,18.3210394265233,2.1,35.5,71.91,145.57999999999998
GrandCanyonSouthRim,2010,18.574767025089606,0.6,33.8,104.31,71.91
GrandCanyonSouthRim,2011,18.611505376344088,3.7,33.9,131.81,104.31
GrandCanyonSouthRim,2012,18.689820788530465,2.7,33.3,198.32,131.81
GrandCanyonSouthRim,2013,18.274444444444445,-2.5,35.5,227.66000000000003,198.32
GrandCanyonSouthRim,2014,18.483405017921147,1.8,33.9,192.11,227.66000000000003
GrandCanyonSouthRim,2015,18.521290322580644,4.4,33.4,162.55,192.11
GrandCanyonSouthRim,2016,18.05426523297491,-0.3,34.6,187.65,162.55
GrandCanyonSouthRim,2017,18.453655913978494,-4.2,34.5,101.85000000000001,187.65
GrandCanyonSouthRim,2018,19.478817204301077,3.3,33.8,145.66,101.85000000000001
GrandCanyonSouthRim,2019,18.975017921146954,0,33.9,48.89,145.66
GrandCanyonSouthRim,2020,19.965770609318998,-0.5,35.3,33.6,48.89
GrandCanyonSouthRim,2021,19.701612903225808,1.7,37.8,153.2,33.6
GuadalupeCanyonAZNM,1981,NA,NA,NA,NA,NA
GuadalupeCanyonAZNM,1982,NA,NA,NA,NA,NA
GuadalupeCanyonAZNM,1983,NA,NA,NA,NA,NA
GuadalupeCanyonAZNM,1984,NA,NA,NA,NA,NA
GuadalupeCanyonAZNM,1985,NA,NA,NA,NA,NA
GuadalupeCanyonAZNM,1986,NA,NA,NA,NA,NA
GuadalupeCanyonAZNM,1987,NA,NA,NA,NA,NA
GuadalupeCanyonAZNM,1988,NA,NA,NA,NA,NA
GuadalupeCanyonAZNM,1989,NA,NA,NA,NA,NA
GuadalupeCanyonAZNM,1990,NA,NA,NA,NA,NA
GuadalupeCanyonAZNM,1991,NA,NA,NA,NA,NA
GuadalupeCanyonAZNM,1992,NA,NA,NA,NA,NA
GuadalupeCanyonAZNM,1993,NA,NA,NA,NA,NA
GuadalupeCanyonAZNM,1994,NA,NA,NA,NA,NA
GuadalupeCanyonAZNM,1995,NA,NA,NA,NA,NA
GuadalupeCanyonAZNM,1996,NA,NA,NA,NA,NA
GuadalupeCanyonAZNM,1997,NA,NA,NA,NA,NA
GuadalupeCanyonAZNM,1998,NA,NA,NA,NA,NA
GuadalupeCanyonAZNM,1999,NA,NA,NA,NA,NA
GuadalupeCanyonAZNM,2000,NA,NA,NA,NA,NA
GuadalupeCanyonAZNM,2001,NA,NA,NA,NA,NA
GuadalupeCanyonAZNM,2002,NA,NA,NA,NA,NA
GuadalupeCanyonAZNM,2003,NA,NA,NA,NA,NA
GuadalupeCanyonAZNM,2004,NA,NA,NA,NA,NA
GuadalupeCanyonAZNM,2005,NA,NA,NA,NA,NA
GuadalupeCanyonAZNM,2006,NA,NA,NA,NA,NA
GuadalupeCanyonAZNM,2007,NA,NA,NA,NA,NA
GuadalupeCanyonAZNM,2008,NA,NA,NA,NA,NA
GuadalupeCanyonAZNM,2009,NA,NA,NA,NA,NA
GuadalupeCanyonAZNM,2010,NA,NA,NA,NA,NA
GuadalupeCanyonAZNM,2011,NA,NA,NA,NA,NA
GuadalupeCanyonAZNM,2012,NA,NA,NA,NA,NA
GuadalupeCanyonAZNM,2013,NA,NA,NA,NA,NA
GuadalupeCanyonAZNM,2014,NA,NA,NA,NA,NA
GuadalupeCanyonAZNM,2015,NA,NA,NA,NA,NA
GuadalupeCanyonAZNM,2016,NA,NA,NA,NA,NA
GuadalupeCanyonAZNM,2017,NA,NA,NA,NA,NA
GuadalupeCanyonAZNM,2018,NA,NA,NA,NA,NA
GuadalupeCanyonAZNM,2019,NA,NA,NA,NA,NA
GuadalupeCanyonAZNM,2020,NA,NA,NA,NA,NA
GuadalupeCanyonAZNM,2021,NA,NA,NA,NA,NA
McDowellSonoranPreserve,1981,30.395125448028676,18,41.6,80.33,NA
McDowellSonoranPreserve,1982,29.482831541218637,12.1,42.1,102.41,80.33
McDowellSonoranPreserve,1983,30.532616487455197,18,43.8,189.07,102.41
McDowellSonoranPreserve,1984,29.525913978494625,17.7,41.9,214.70999999999998,189.07
McDowellSonoranPreserve,1985,29.50641577060932,14.4,43.7,150.89000000000001,214.70999999999998
McDowellSonoranPreserve,1986,28.797025089605736,10.4,42.8,152.29999999999998,150.89000000000001
McDowellSonoranPreserve,1987,29.724982078853046,17.4,41.4,54.25,152.29999999999998
McDowellSonoranPreserve,1988,30.282293906810036,15.4,41.7,121.69999999999999,54.25
McDowellSonoranPreserve,1989,31.1394623655914,16,43.9,76.36,121.69999999999999
McDowellSonoranPreserve,1990,29.76931899641577,18.8,42.6,189.07,76.36
McDowellSonoranPreserve,1991,30.54924731182796,19.9,41.5,65.52,189.07
McDowellSonoranPreserve,1992,29.837240143369176,17.6,41,187.92,65.52
McDowellSonoranPreserve,1993,29.861612903225804,15.9,44.2,97.7,187.92
McDowellSonoranPreserve,1994,31.71336917562724,18.6,43.1,52.39,97.7
McDowellSonoranPreserve,1995,32.12068100358423,19.2,46.5,109.7,52.39
McDowellSonoranPreserve,1996,30.62093189964158,16.4,43.4,149.74,109.7
McDowellSonoranPreserve,1997,30.774516129032257,21,42.5,59.75,149.74
McDowellSonoranPreserve,1998,30.64551971326165,18.5,44.3,59.51,59.75
McDowellSonoranPreserve,1999,29.90806451612903,19.2,41.6,148.06,59.51
McDowellSonoranPreserve,2000,31.36326164874552,18.7,42.7,52.879999999999995,148.06
McDowellSonoranPreserve,2001,31.233655913978495,21.3,43.6,60.3,52.879999999999995
McDowellSonoranPreserve,2002,31.15383512544803,17.1,41.7,77.37,60.3
McDowellSonoranPreserve,2003,31.570071684587813,21.4,44,54.42999999999999,77.37
McDowellSonoranPreserve,2004,30.17232974910394,15.3,42.2,60.269999999999996,54.42999999999999
McDowellSonoranPreserve,2005,30.793906810035843,18.3,43.6,102.95,60.269999999999996
McDowellSonoranPreserve,2006,30.15942652329749,17.7,43.6,126.35,102.95
McDowellSonoranPreserve,2007,31.422222222222224,16.2,43.7,74.94,126.35
McDowellSonoranPreserve,2008,30.72605734767025,20.5,42.2,128.97,74.94
McDowellSonoranPreserve,2009,31.454587813620073,20.1,42.2,33.88,128.97
McDowellSonoranPreserve,2010,31.163978494623656,18.3,41.5,52.04,33.88
McDowellSonoranPreserve,2011,31.663584229390683,20.2,43,102.46,52.04
McDowellSonoranPreserve,2012,30.748709677419356,20.6,42.8,121.61000000000001,102.46
McDowellSonoranPreserve,2013,30.19720430107527,15.9,42.1,93.85,121.61000000000001
McDowellSonoranPreserve,2014,29.72301075268817,15.9,40.9,227.12,93.85
McDowellSonoranPreserve,2015,30.864767025089606,20.6,42.6,44.36,227.12
McDowellSonoranPreserve,2016,30.178028673835126,15.6,41.3,78.96000000000001,44.36
McDowellSonoranPreserve,2017,30.451039426523298,14.5,43.1,58.19,78.96000000000001
McDowellSonoranPreserve,2018,31.316594982078854,21.2,42.8,124.14,58.19
McDowellSonoranPreserve,2019,31.44641577060932,18.3,42.3,98.52,124.14
McDowellSonoranPreserve,2020,32.66172043010753,18,44.2,21.970000000000002,98.52
McDowellSonoranPreserve,2021,30.09559139784946,18.7,41.8,283.24,21.970000000000002
PatagoniaAZ,1981,23.904659498207884,12.2,35.7,226.26,NA
PatagoniaAZ,1982,23.870681003584227,9.4,36.5,235.18,226.26
PatagoniaAZ,1983,24.32831541218638,13.2,38,360.63,235.18
PatagoniaAZ,1984,22.879390681003585,11.5,34.1,434.68,360.63
PatagoniaAZ,1985,22.81236559139785,7,37.9,310.75,434.68
PatagoniaAZ,1986,22.45100358422939,4.3,37.6,273.17,310.75
PatagoniaAZ,1987,22.424874551971325,7.8,36.3,267.52,273.17
PatagoniaAZ,1988,22.822258064516127,7.4,35.3,346.59000000000003,267.52
PatagoniaAZ,1989,24.06193548387097,8.5,39.1,138.99,346.59000000000003
PatagoniaAZ,1990,22.195089605734765,9.6,37.9,389.93,138.99
PatagoniaAZ,1991,23.134946236559138,11.9,36.6,176.3,389.93
PatagoniaAZ,1992,23.464659498207887,12.1,38.2,329.12,176.3
PatagoniaAZ,1993,23.020967741935483,7.7,36.1,285.25,329.12
PatagoniaAZ,1994,24.660931899641575,12.3,37.6,200.41,285.25
PatagoniaAZ,1995,24.77304659498208,10.1,40.3,184.61,200.41
PatagoniaAZ,1996,23.678387096774195,9.8,36.4,205.03,184.61
PatagoniaAZ,1997,25.08405017921147,13.7,38.9,260.8,205.03
PatagoniaAZ,1998,24.614372759856632,11,38.5,291.40999999999997,260.8
PatagoniaAZ,1999,23.210752688172043,11.9,37.3,308.66,291.40999999999997
PatagoniaAZ,2000,23.84853046594982,10.5,36.9,210.86,308.66
PatagoniaAZ,2001,23.53996415770609,10.8,37.5,252.14999999999998,210.86
PatagoniaAZ,2002,24.206774193548387,10.7,37.2,209.78,252.14999999999998
PatagoniaAZ,2003,24.65964157706093,12.1,38.5,267.34999999999997,209.78
PatagoniaAZ,2004,23.138494623655912,5.6,35.7,255.41,267.34999999999997
PatagoniaAZ,2005,23.977706093189965,8.4,38.5,220.69,255.41
PatagoniaAZ,2006,22.998602150537636,9.8,37,358.65,220.69
PatagoniaAZ,2007,23.93641577060932,11.4,38.7,385.02,358.65
PatagoniaAZ,2008,22.952867383512544,11.5,34.9,350.19,385.02
PatagoniaAZ,2009,24.800609318996415,12.3,36.4,150.56,350.19
PatagoniaAZ,2010,24.48258064516129,11.8,36.2,309.84000000000003,150.56
PatagoniaAZ,2011,24.79125448028674,12.1,38.1,196.18,309.84000000000003
PatagoniaAZ,2012,23.747634408602153,10.7,36.3,281.92,196.18
PatagoniaAZ,2013,23.84594982078853,8.8,36.7,238.12,281.92
PatagoniaAZ,2014,23.401039426523297,10.2,36.1,362.06,238.12
PatagoniaAZ,2015,23.931182795698923,13.3,36.7,327.15999999999997,362.06
PatagoniaAZ,2016,23.472186379928317,9.4,35.8,321.49,327.15999999999997
PatagoniaAZ,2017,23.588387096774195,7,37.9,239.02,321.49
PatagoniaAZ,2018,24.45146953405018,14.1,37.9,238.6,239.02
PatagoniaAZ,2019,24.08888888888889,9.9,37.2,244.05,238.6
PatagoniaAZ,2020,25.42910394265233,10.4,39.6,149.2,244.05
PatagoniaAZ,2021,23.255913978494625,9.5,36.4,408.68,149.2
PortalAZ,1981,19.893727598566308,8.3,32.5,309.36,NA
PortalAZ,1982,20.334551971326164,6.4,32.8,231.57999999999998,309.36
PortalAZ,1983,20.58878136200717,8.2,33.2,268.37,231.57999999999998
PortalAZ,1984,19.093225806451613,7.4,31.2,312.27,268.37
PortalAZ,1985,19.88494623655914,3.5,33.7,326.45,312.27
PortalAZ,1986,19.06232974910394,1.8,32.6,335.28,326.45
PortalAZ,1987,19.13143369175627,7.1,31.9,342.47,335.28
PortalAZ,1988,18.959856630824373,3.9,31,489.56,342.47
PortalAZ,1989,19.920752688172044,7.3,35,306.12,489.56
PortalAZ,1990,18.412616487455196,8.2,32.3,399.32,306.12
PortalAZ,1991,18.975663082437276,6.5,31.7,392.85,399.32
PortalAZ,1992,19.70064516129032,8.3,33.6,273.36,392.85
PortalAZ,1993,19.767562724014336,6.6,32.3,361.41999999999996,273.36
PortalAZ,1994,20.677813620071685,8,33.1,227.05,361.41999999999996
PortalAZ,1995,21.065017921146953,7.5,35.9,310.67,227.05
PortalAZ,1996,19.7615770609319,5.6,32,248.41,310.67
PortalAZ,1997,20.865913978494625,8.4,34,335.3,248.41
PortalAZ,1998,21.03594982078853,10.1,34.5,264,335.3
PortalAZ,1999,19.481720430107526,8.6,33.1,360.65,264
PortalAZ,2000,21.004229390681004,7.8,32.9,145.05,360.65
PortalAZ,2001,20.43,9,32.9,280.55,145.05
PortalAZ,2002,20.783870967741937,8.1,33.7,242.84,280.55
PortalAZ,2003,21.674336917562723,8.5,36.2,155.47,242.84
PortalAZ,2004,19.615448028673836,5.7,31.7,249.63,155.47
PortalAZ,2005,21.268136200716846,8.9,34.7,401.58000000000004,249.63
PortalAZ,2006,19.55598566308244,7.8,35.2,579.28,401.58000000000004
PortalAZ,2007,20.558494623655914,8.3,34.8,257.17,579.28
PortalAZ,2008,19.093333333333334,7.2,31.1,491.34000000000003,257.17
PortalAZ,2009,20.746881720430107,4.8,32.4,169.1,491.34000000000003
PortalAZ,2010,20.30548387096774,7.5,31.7,385.09999999999997,169.1
PortalAZ,2011,20.913154121863798,8.6,32.8,257.46,385.09999999999997
PortalAZ,2012,20.42430107526882,5.5,33.9,255.49,257.46
PortalAZ,2013,19.782652329749105,5.6,32.5,395.17,255.49
PortalAZ,2014,19.42311827956989,8.5,32.2,664.51,395.17
PortalAZ,2015,20.428064516129034,9,32.2,395.09,664.51
PortalAZ,2016,20.086487455197133,6.3,33.4,466.59000000000003,395.09
PortalAZ,2017,20.08448028673835,5,33.5,295.53000000000003,466.59000000000003
PortalAZ,2018,20.781541218637994,8.5,34.1,297.72,295.53000000000003
PortalAZ,2019,21.364301075268816,7.8,33.1,255.55,297.72
PortalAZ,2020,22.147240143369174,7.5,35.8,131.73000000000002,255.55
PortalAZ,2021,20.100394265232975,8.5,34.2,453.86,131.73000000000002
RamseyCanyonAZ,1979,NA,NA,NA,NA,NA
RamseyCanyonAZ,1980,NA,NA,NA,NA,NA
RamseyCanyonAZ,1981,24.127777777777776,12.6,35.9,217.13,NA
RamseyCanyonAZ,1982,24.38931899641577,9.3,37.2,260.49,217.13
RamseyCanyonAZ,1983,24.562974910394267,12.9,38.8,339.23,260.49
RamseyCanyonAZ,1984,23.018172043010754,11.1,35,309.78999999999996,339.23
RamseyCanyonAZ,1985,23.73168458781362,7.3,38.3,242.20000000000002,309.78999999999996
RamseyCanyonAZ,1986,23.36673835125448,7.8,38,271.21999999999997,242.20000000000002
RamseyCanyonAZ,1987,23.551397849462365,11.5,37.3,308.65,271.21999999999997
RamseyCanyonAZ,1988,23.820286738351253,9.5,36.5,325.08,308.65
RamseyCanyonAZ,1989,24.362293906810034,9.6,41.4,160.33,325.08
RamseyCanyonAZ,1990,23.05394265232975,11.8,37.5,326.36,160.33
RamseyCanyonAZ,1991,23.532258064516128,11.6,36.4,185.75,326.36
RamseyCanyonAZ,1992,23.837383512544804,11.4,38,268.91,185.75
RamseyCanyonAZ,1993,23.778602150537633,9.1,36.5,236.20999999999998,268.91
RamseyCanyonAZ,1994,24.635555555555555,12.3,37.2,196.24,236.20999999999998
RamseyCanyonAZ,1995,24.93516129032258,11.4,40,222.32,196.24
RamseyCanyonAZ,1996,24.01279569892473,11.2,36.4,242.96,222.32
RamseyCanyonAZ,1997,25.289032258064516,13.8,38.3,173.46,242.96
RamseyCanyonAZ,1998,24.82620071684588,12,38.9,263.93,173.46
RamseyCanyonAZ,1999,23.4378853046595,11.8,37.5,319.98,263.93
RamseyCanyonAZ,2000,24.617921146953407,11.9,37.3,232.12,319.98
RamseyCanyonAZ,2001,23.837777777777777,11.7,37.6,242.97,232.12
RamseyCanyonAZ,2002,24.40637992831541,11.8,37.3,232.28,242.97
RamseyCanyonAZ,2003,25.131505376344087,12.7,39,213.81,232.28
RamseyCanyonAZ,2004,23.46720430107527,6.1,35.5,221.07,213.81
RamseyCanyonAZ,2005,24.572437275985664,9.2,38.8,288.46999999999997,221.07
RamseyCanyonAZ,2006,23.540143369175627,10.5,37.3,340.48,288.46999999999997
RamseyCanyonAZ,2007,24.685591397849464,13.2,38.4,266.11,340.48
RamseyCanyonAZ,2008,23.560143369175627,13,35,373.52000000000004,266.11
RamseyCanyonAZ,2009,25.235985663082438,12.5,36.7,153.84,373.52000000000004
RamseyCanyonAZ,2010,24.719820788530466,13.4,36.4,314.11,153.84
RamseyCanyonAZ,2011,25.492544802867382,12.8,39.3,207.22,314.11
RamseyCanyonAZ,2012,24.545161290322582,10.9,38,271.68,207.22
RamseyCanyonAZ,2013,24.13326164874552,10.6,37.3,323.22,271.68
RamseyCanyonAZ,2014,23.828243727598565,12.1,36.3,489.28,323.22
RamseyCanyonAZ,2015,24.211720430107526,14.7,37.1,310.18,489.28
RamseyCanyonAZ,2016,23.790967741935482,11.1,35.9,369.77,310.18
RamseyCanyonAZ,2017,23.87598566308244,8,37.7,225.29000000000002,369.77
RamseyCanyonAZ,2018,24.59272401433692,13.1,37.9,245.88,225.29000000000002
RamseyCanyonAZ,2019,24.816021505376344,11,38.1,240.26999999999998,245.88
RamseyCanyonAZ,2020,26.20935483870968,12.3,39.5,118.38,240.26999999999998
RamseyCanyonAZ,2021,24.02347670250896,11.6,38.1,285.46999999999997,118.38
SabinoCanyonAZ,1981,24.663082437275985,12.5,36.5,207.2,NA
SabinoCanyonAZ,1982,24.022401433691755,8.9,36.6,294.40999999999997,207.2
SabinoCanyonAZ,1983,24.82756272401434,12.1,38.6,390.83,294.40999999999997
SabinoCanyonAZ,1984,23.51426523297491,13,34.8,373.64,390.83
SabinoCanyonAZ,1985,24.026666666666667,9.2,37.5,305.18,373.64
SabinoCanyonAZ,1986,23.333333333333332,5.7,36.7,227.63,305.18
SabinoCanyonAZ,1987,23.947419354838708,12.1,36.2,258.26,227.63
SabinoCanyonAZ,1988,24.325770609318997,10.4,35.7,246.88,258.26
SabinoCanyonAZ,1989,25.219103942652332,12.7,39.2,191.2,246.88
SabinoCanyonAZ,1990,23.19336917562724,13.1,37.4,421.19,191.2
SabinoCanyonAZ,1991,24.22021505376344,13.3,36.3,187.58,421.19
SabinoCanyonAZ,1992,24.573225806451614,13.8,37.8,266.84,187.58
SabinoCanyonAZ,1993,24.25727598566308,11.1,36.8,364.68,266.84
SabinoCanyonAZ,1994,25.72021505376344,13.7,37.9,203.85,364.68
SabinoCanyonAZ,1995,25.809856630824374,12.5,40.7,197.97,203.85
SabinoCanyonAZ,1996,24.441254480286737,10.9,36.2,241.35,197.97
SabinoCanyonAZ,1997,25.57,14.9,37.9,191.51,241.35
SabinoCanyonAZ,1998,25.390394265232977,13.2,39.5,269.98,191.51
SabinoCanyonAZ,1999,24.107060931899642,14.4,37.3,317.7,269.98
SabinoCanyonAZ,2000,25.63236559139785,12.8,37.9,211.38,317.7
SabinoCanyonAZ,2001,25.114910394265234,16.2,38.4,210.23000000000002,211.38
SabinoCanyonAZ,2002,25.560107526881723,13.9,37.7,178.14999999999998,210.23000000000002
SabinoCanyonAZ,2003,26.010716845878136,14.7,38.9,242.16,178.14999999999998
SabinoCanyonAZ,2004,24.69200716845878,8.9,35.7,183.2,242.16
SabinoCanyonAZ,2005,25.92290322580645,12.4,39.5,191.9,183.2
SabinoCanyonAZ,2006,24.23931899641577,12.3,38.5,360.06,191.9
SabinoCanyonAZ,2007,25.29121863799283,11.2,39.2,162.82,360.06
SabinoCanyonAZ,2008,24.401397849462366,14.1,36.3,238.77,162.82
SabinoCanyonAZ,2009,26.111541218637992,14.9,37.8,149.27,238.77
SabinoCanyonAZ,2010,25.7178853046595,12.4,37.7,227.4,149.27
SabinoCanyonAZ,2011,25.908566308243728,14.1,38.1,224.5,227.4
SabinoCanyonAZ,2012,25.137240143369176,13.5,38.2,244.17000000000002,224.5
SabinoCanyonAZ,2013,25.120179211469534,9.7,38.2,258.15,244.17000000000002
SabinoCanyonAZ,2014,24.794444444444444,12.4,37.1,333.51,258.15
SabinoCanyonAZ,2015,25.01458781362007,15.4,37.4,550.62,333.51
SabinoCanyonAZ,2016,24.635734767025088,10.6,36.6,219.55,550.62
SabinoCanyonAZ,2017,25.098387096774193,9.5,38.2,314.03000000000003,219.55
SabinoCanyonAZ,2018,25.790716845878137,15.2,38.8,213.57,314.03000000000003
SabinoCanyonAZ,2019,26.006236559139786,12.5,37.7,178.01,213.57
SabinoCanyonAZ,2020,27.32978494623656,10.9,39.5,69.09,178.01
SabinoCanyonAZ,2021,24.508028673835128,12.1,36.6,408.88,69.09
SantaRitaMountains,1981,22.81551971326165,12.1,33.7,292.74,NA
SantaRitaMountains,1982,22.524802867383514,8.4,34,393.49,292.74
SantaRitaMountains,1983,23.06806451612903,11.1,35.7,591.71,393.49
SantaRitaMountains,1984,21.655483870967743,12.4,32.2,649.07,591.71
SantaRitaMountains,1985,22.26258064516129,7.5,34.5,432.24,649.07
SantaRitaMountains,1986,21.593799283154123,5.3,34.5,339.94,432.24
SantaRitaMountains,1987,21.919068100358423,11,33.1,398.86,339.94
SantaRitaMountains,1988,22.232724014336917,10,32.7,528.69,398.86
SantaRitaMountains,1989,23.39756272401434,11.9,36.4,192.75,528.69
SantaRitaMountains,1990,20.92594982078853,11.7,34.8,542.1500000000001,192.75
SantaRitaMountains,1991,22.009534050179212,12,33.4,229.60000000000002,542.1500000000001
SantaRitaMountains,1992,22.800645161290323,12.9,35.4,420.01,229.60000000000002
SantaRitaMountains,1993,22.22978494623656,10.6,34.2,320.51,420.01
SantaRitaMountains,1994,23.863691756272402,12.8,34.8,360.95,320.51
SantaRitaMountains,1995,23.897275985663082,11.4,37.4,182.7,360.95
SantaRitaMountains,1996,22.621290322580645,9.9,33.8,228.73999999999998,182.7
SantaRitaMountains,1997,23.747060931899643,13.8,35.5,323.75,228.73999999999998
SantaRitaMountains,1998,23.51885304659498,12.4,36.4,315.08000000000004,323.75
SantaRitaMountains,1999,22.269068100358425,13.4,34.8,522.98,315.08000000000004
SantaRitaMountains,2000,23.503405017921146,11.6,34.8,285.59,522.98
SantaRitaMountains,2001,23.058888888888887,14.4,35.5,341.73,285.59
SantaRitaMountains,2002,24.341433691756272,12.5,38.3,269.06,341.73
SantaRitaMountains,2003,24.422401433691757,13.2,37,421.67,269.06
SantaRitaMountains,2004,23.245985663082436,8.7,35.2,209.47,421.67
SantaRitaMountains,2005,23.694659498207887,12.5,38,295.62,209.47
SantaRitaMountains,2006,21.99706093189964,11.3,34.3,340.05,295.62
SantaRitaMountains,2007,22.93989247311828,10.8,36,462.71,340.05
SantaRitaMountains,2008,22.241541218637995,12.8,33.5,415.13,462.71
SantaRitaMountains,2009,24.183189964157705,13,35.6,220.14,415.13
SantaRitaMountains,2010,23.549175627240142,12.3,34,359.18,220.14
SantaRitaMountains,2011,23.95605734767025,12.8,36.6,266.08,359.18
SantaRitaMountains,2012,22.7863082437276,12.5,35.3,383.3,266.08
SantaRitaMountains,2013,22.96505376344086,9.3,36.4,305,383.3
SantaRitaMountains,2014,22.595089605734767,10.6,33.8,441.19,305
SantaRitaMountains,2015,22.95845878136201,14.1,34,447.4,441.19
SantaRitaMountains,2016,23.012544802867385,10.3,35.1,446.73,447.4
SantaRitaMountains,2017,22.920501792114695,10,35.3,320.54,446.73
SantaRitaMountains,2018,23.798458781362008,14.2,36.7,301.51,320.54
SantaRitaMountains,2019,23.90089605734767,11.2,36.8,279.52,301.51
SantaRitaMountains,2020,25.752114695340502,11.9,38.2,187.04,279.52
SantaRitaMountains,2021,22.639032258064518,11.3,34.5,427.29999999999995,187.04
SpringervilleAZ,1980,NA,NA,NA,NA,NA
SpringervilleAZ,1981,16.816057347670252,1.4,31.1,232.45,NA
SpringervilleAZ,1982,16.57247311827957,0.9,30.9,223.74,232.45
SpringervilleAZ,1983,16.97964157706093,2.2,32,312.03,223.74
SpringervilleAZ,1984,16.856236559139784,1.7,30.5,287.01,312.03
SpringervilleAZ,1985,16.420215053763442,-1.1,33.2,191.68,287.01
SpringervilleAZ,1986,15.854767025089604,-1.1,30,262.99,191.68
SpringervilleAZ,1987,15.649820788530466,1.3,30.3,210.76000000000002,262.99
SpringervilleAZ,1988,15.85594982078853,-0.9,28.7,256.84000000000003,210.76000000000002
SpringervilleAZ,1989,16.045663082437276,-1,33.8,156.55,256.84000000000003
SpringervilleAZ,1990,15.858924731182796,3.1,32.1,276.53999999999996,156.55
SpringervilleAZ,1991,16.25856630824373,2.4,31.1,193.69,276.53999999999996
SpringervilleAZ,1992,16.036881720430106,2.1,31,225.33999999999997,193.69
SpringervilleAZ,1993,16.601146953405017,0.9,31,174.17000000000002,225.33999999999997
SpringervilleAZ,1994,17.6931541218638,0.6,33.7,224.69,174.17000000000002
SpringervilleAZ,1995,18.189569892473116,0.8,33,164.60999999999999,224.69
SpringervilleAZ,1996,17.46494623655914,-0.4,31.9,231.21,164.60999999999999
SpringervilleAZ,1997,17.688960573476702,3.9,32.1,188.5,231.21
SpringervilleAZ,1998,18.426702508960574,3.8,33,181.49,188.5
SpringervilleAZ,1999,16.782652329749105,2.3,32.1,357.82,181.49
SpringervilleAZ,2000,17.914336917562725,-2.2,31.7,133.96,357.82
SpringervilleAZ,2001,17.26451612903226,2.7,30.4,189.23000000000002,133.96
SpringervilleAZ,2002,17.586594982078854,0.6,32.5,251.51999999999998,189.23000000000002
SpringervilleAZ,2003,18.191648745519714,2.6,34.6,157.78,251.51999999999998
SpringervilleAZ,2004,16.507598566308243,-1,29.8,144.22,157.78
SpringervilleAZ,2005,17.724444444444444,1.3,33.1,151.13,144.22
SpringervilleAZ,2006,16.434121863799284,-1.9,32.7,302.34999999999997,151.13
SpringervilleAZ,2007,17.837168458781363,1.6,33.1,257.38,302.34999999999997
SpringervilleAZ,2008,17.012867383512546,2.8,30.3,216,257.38
SpringervilleAZ,2009,17.58831541218638,-0.7,31.4,164.92000000000002,216
SpringervilleAZ,2010,17.981899641577062,4,31.1,208.14,164.92000000000002
SpringervilleAZ,2011,18.257383512544802,5.9,30.6,254.54,208.14
SpringervilleAZ,2012,17.92179211469534,1,31,190.06,254.54
SpringervilleAZ,2013,17.307025089605737,-1.8,32.1,360.15,190.06
SpringervilleAZ,2014,17.724516129032256,1.3,31.2,242.83999999999997,360.15
SpringervilleAZ,2015,17.677025089605735,6.3,29.4,277.06,242.83999999999997
SpringervilleAZ,2016,17.26562724014337,-1,31.5,188.76,277.06
SpringervilleAZ,2017,17.911182795698924,-1.1,32.3,157.56,188.76
SpringervilleAZ,2018,18.36258064516129,5.2,31.1,199.18,157.56
SpringervilleAZ,2019,18.440573476702507,2.6,30.4,192.94,199.18
SpringervilleAZ,2020,19.198673835125447,0.4,32.7,99.27,192.94
SpringervilleAZ,2021,18.224301075268816,5.3,34,270.72,99.27
SycamoreCreekAZ,1981,28.452652329749103,15.4,41.1,111.22,NA
SycamoreCreekAZ,1982,27.46627240143369,9.1,40.7,135.18,111.22
SycamoreCreekAZ,1983,28.277240143369173,14.7,42.9,226.02999999999997,135.18
SycamoreCreekAZ,1984,27.41845878136201,14.1,40.6,286.58,226.02999999999997
SycamoreCreekAZ,1985,27.390430107526882,11,42.9,171.21,286.58
SycamoreCreekAZ,1986,26.703691756272402,9.2,41.6,179.26,171.21
SycamoreCreekAZ,1987,27.533440860215055,13.8,40.9,91.62,179.26
SycamoreCreekAZ,1988,27.972759856630823,12.1,40.8,190.04,91.62
SycamoreCreekAZ,1989,28.67146953405018,12.5,43,92.86,190.04
SycamoreCreekAZ,1990,27.502258064516127,14.5,42.2,211.73000000000002,92.86
SycamoreCreekAZ,1991,28.1668458781362,15.2,40.6,96.85000000000001,211.73000000000002
SycamoreCreekAZ,1992,27.3884229390681,15.6,39.9,260.96000000000004,96.85000000000001
SycamoreCreekAZ,1993,27.384982078853046,11.8,42.6,145.01,260.96000000000004
SycamoreCreekAZ,1994,29.30956989247312,15.5,42,86.84,145.01
SycamoreCreekAZ,1995,29.441684587813622,14.7,45.5,142.51999999999998,86.84
SycamoreCreekAZ,1996,28.0068458781362,12.4,41.8,171.93,142.51999999999998
SycamoreCreekAZ,1997,28.654014336917562,17.7,41.7,105.10000000000001,171.93
SycamoreCreekAZ,1998,28.386810035842295,13.7,43.8,98.11,105.10000000000001
SycamoreCreekAZ,1999,27.843333333333334,16.7,40.5,227.87,98.11
SycamoreCreekAZ,2000,29.18168458781362,14.1,42.2,72.30000000000001,227.87
SycamoreCreekAZ,2001,28.95100358422939,17.9,42.9,93.78999999999999,72.30000000000001
SycamoreCreekAZ,2002,29.32853046594982,15.1,41.2,81.19,93.78999999999999
SycamoreCreekAZ,2003,29.768028673835126,18,43,101.35,81.19
SycamoreCreekAZ,2004,28.1184229390681,11.6,41.2,112.7,101.35
SycamoreCreekAZ,2005,28.85996415770609,15,42.9,72.12,112.7
SycamoreCreekAZ,2006,27.936451612903227,12,43.1,120.99000000000001,72.12
SycamoreCreekAZ,2007,29.348709677419354,13.2,43.2,91.68,120.99000000000001
SycamoreCreekAZ,2008,28.43709677419355,17.3,41.2,143.91,91.68
SycamoreCreekAZ,2009,29.753118279569893,16.3,41.8,45.51,143.91
SycamoreCreekAZ,2010,28.976774193548387,15,40.8,121.7,45.51
SycamoreCreekAZ,2011,29.97720430107527,17.8,42.3,62.440000000000005,121.7
SycamoreCreekAZ,2012,28.799605734767024,16.8,41.8,131.41,62.440000000000005
SycamoreCreekAZ,2013,28.615878136200717,14.6,42.2,119.77000000000001,131.41
SycamoreCreekAZ,2014,28.401935483870968,14.6,40,228.5,119.77000000000001
SycamoreCreekAZ,2015,29.26268817204301,17.6,41.6,84.75999999999999,228.5
SycamoreCreekAZ,2016,28.42551971326165,12.1,40.9,90.72,84.75999999999999
SycamoreCreekAZ,2017,28.70430107526882,12.5,42.1,83.55,90.72
SycamoreCreekAZ,2018,29.36505376344086,18.6,42,154.62,83.55
SycamoreCreekAZ,2019,29.656129032258065,16.6,41.2,151.4,154.62
SycamoreCreekAZ,2020,30.713476702508963,15.4,43.3,36.93,151.4
SycamoreCreekAZ,2021,28.00189964157706,16.2,41,265.93,36.93
